genes,strand,ensembl_start,ensembl_end,refseq_term_left,refseq_term_right,ref_seq_overhang,update_start,update_end,comments,,
CYTIP,-,157414619,157488961,157412782,0,1837,157412782,,Refseq end,,
MAN2B1,-,12646511,12666742,12646511,0,0,12643835,,Splicing informed,,
HIST1H2BK,-,27146418,27146798,0,0,0,27137200,,"Pool lab modified (note, Refseq has a different name for this gene and is 10kb+ extended)",,
CD53,+,110871188,110899922,0,110899928,6,,110899928,Refseq end,,
CD83,+,14117256,14136918,0,14136918,0,,14140550,Splicing informed,,
CATIP,+,218356857,218368099,0,218368393,294,,218368393,Refseq end,,
KLF2,+,16324817,16327874,0,16328685,811,,16333595,Refseq end + Splicing informed,,
PPBP,-,73986439,73988190,73986439,0,0,73985990,,Pool lab modified,,
IRF9,+,24161265,24166565,0,24166565,0,,24171115,Splicing informed,,
CHCHD2,-,56101573,56106476,56101573,0,0,56094430,,Splicing informed,,
PLAC8,-,83090048,83137075,83090048,0,0,83086115,,Pool lab modified,,
PI4K2A,+,97640686,97676434,0,97676434,0,,97676700,Pool lab modified,,
LITAF,-,11547722,11636381,11547722,0,0,11540180,,Splicing informed,,
YPEL5,+,30146941,30160533,0,30160533,0,,30165200,Splicing informed,,
PTCH2,-,44819844,44843253,44819845,0,-1,44818500,,"Pool lab modified (Human Protein Atlas confirmed - note - good example of an ""invisible"" gene in exonic/intronic mapping"")",,
LSM4,-,18306230,18323274,18306236,0,-6,18301475,,Splicing informed,,
KMT2E-AS1,-,105013425,105014321,105010542,0,2883,105010542,,Refseq end,,
RBM14,+,66616582,66627347,0,66629934,2587,,66629934,Refseq end,,
ASH1L-AS1,+,155562042,155563944,0,155563944,0,,155565520,Splicing informed,,
EMC10,+,50476400,50490870,0,50505905,15035,,50505905,Refseq end,,
DNAJB1,-,14514769,14529770,14514769,0,0,14503480,,Splicing informed,,
CENPM,-,41938737,41947152,41927747,0,10990,41927747,,Refseq end,,
HLA-DRB1,-,32578769,32589848,3779004,0,28799765,32575740,,Lot of transcripts get spliced to downstream HLA-DRB6. Pool lab modified,,
KLRC4,-,10407382,10409757,10407384,0,-2,10402780,,Splicing informed,,
PPDPF,+,63520765,63522206,0,63522206,0,,63525075,"Pool lab modified (continuous, could go further)",,
B2M,+,44711487,44718877,0,44718145,-732,,44720790,Pool lab modified (continuous),,
ZNF778,+,89217703,89237071,0,89237141,70,,89237141,Refseq end,,
CLEC2B,-,9852984,9870136,9852369,0,615,9852369,,Refseq end,,
CERS4,+,8206736,8262421,0,8262433,12,,8262433,Refseq end,,
NFKBID,-,35887653,35902303,35887630,0,23,35887630,,Refseq end,,
PSMB9,+,32844136,32859851,0,32859851,0,,32861010,"Pool lab modified (continuous, could go further)",,
HIST1H3A,+,26020490,26020900,0,0,0,,26021600,Pool lab modified (continuous),,
EEF1A1,-,73515750,73523797,73515750,0,0,73511850,,Pool lab modified (continuous + splicing informed),,
CYCS,-,25120091,25125361,25118656,0,1435,25118656,,Refseq end,,
NOTCH2NLC,+,149390614,149468030,0,149471833,3803,,149471833,Refseq end,,
CD300C,-,74541073,74546115,74534359,0,6714,74534359,,Refseq end,,
PNRC1,+,89080751,89085160,0,89085160,0,,89086775,Pool lab modified (continuous + splicing informed),,
HIST2H2AA4,+,149851061,149851624,0,0,0,149841485,,Pool lab modified (continuous),,
HSPA1A,+,31815543,31817946,0,31817942,-4,,31819890,Pool lab modified (splicing informed),,
MORF4L1,+,78810487,78898139,0,78898139,0,,78905570,Pool lab modified (splicing informed),,
HIST1H1C,-,26055787,26056428,0,0,0,26054320,,Pool lab modified (continuous),,
PPP1R15A,+,48872421,48876058,0,48876058,0,,48876415,Pool lab modified (continuous),,
VMP1,+,59707192,59842255,0,59842255,0,,59844000,Pool lab modified (splicing informed),,
GNL1,-,30541377,30557174,1796465,0,28744912,30540440,,Pool lab modified (continuous),,
IFI30,+,18173162,18178117,0,18178117,0,,18180150,Pool lab modified (splicing informed),,
CD300LB,-,74521174,74531475,74521174,0,0,74519000,,Pool lab modified (continuous),,
PDCL3,+,100562993,100576739,0,100577472,733,,100577472,Refseq end,,
HSPA8,-,123057489,123063230,123057489,0,0,123049000,,,,
ISG20L2,-,156721891,156728799,156721891,0,0,156718700,,Pool lab modified (splicing informed),,
STMN3,-,63639705,63657682,63639712,0,-7,63638050,,Pool lab modified (continuous),,
HIST1H3D,-,26196840,26197250,0,0,0,26194230,,Pool lab modified (continuous),,
CHIC2,-,54009789,54064605,53996335,0,13454,53996335,,Refseq end,,
TREM1,-,41267926,41286682,41267385,0,541,41266840,,Refseq end + Pool lab modified (continuous),,
TNFRSF8,+,12063303,12144207,0,12144213,6,,12145460,Pool lab modified (continuous),,
AOAH,-,36512941,36724549,36509313,0,3628,36509313,,Refseq end,,
SREBF2-AS1,-,41831215,41834665,41827481,0,3734,41827481,,Refseq end,,
CRIPT,+,46616416,46630176,0,46630176,0,,46634350,Pool lab modified (continuous),,
UBC,-,124911604,124917368,124911646,0,-42,124911000,,Pool lab modified (continuous),,
ADGRE3,-,14619117,14690027,14600175,0,18942,14600175,,"Refseq end, Pool lab verified",,
FOS,+,75278826,75282230,0,75282230,0,,75284220,Pool lab modified (continuous),,
ZAP70,+,97713560,97739862,0,97744327,4465,,97744327,Refseq end,,
MAP3K2-DT,+,127388184,127400580,0,127406167,5587,,127406167,Refseq end,,
CARD16,-,105041326,105101431,105040218,0,1108,105039100,,Refseq end + Pool lab modified (continuous),,
JUND,-,18279694,18281622,18279694,0,0,18278900,,Pool lab modified (continuous),,
TXK,-,48066393,48134250,48063504,0,2889,48063504,,Refseq end,,
RPS16,-,39433137,39435949,39433137,0,0,39429200,,Pool lab modified (splicing informed),,
MYO1F,-,8520778,8577577,8520778,0,0,8519800,,Pool lab modified (continuous),,
CXCL8,+,73740541,73743716,0,73743716,0,,73747385,Pool lab modified (continuous + splicing informed),,
HIST1H4B,-,26026815,26027252,0,0,0,26024890,,Pool lab modified (continuous),,
LY9,+,160796074,160828261,0,160828256,-5,,160829300,Pool lab modified (continuous),,
DNPH1,-,43225629,43229484,43225629,0,0,43225050,,Pool lab modified (continuous),,
VHL,+,10141008,10152220,0,10153667,1447,,10153667,Refseq end,,
PIM3,+,49960768,49964072,0,49964072,0,,49964720,Pool lab modified (continuous),,
LINC02569,+,30516266,30519217,0,30519580,363,,30519580,Refseq end,,
WDR33,-,127701027,127811187,127701027,0,0,127699820,,Pool lab modified (continuous),,
NAAA,-,75913660,75941013,75910655,0,3005,75910655,,Refseq end,,
RNASET2,-,166929504,166957191,166922113,0,7391,166922113,,Refseq end,,
ELK1,-,47635521,47650604,47635520,0,1,47635520,,Refseq end,,
XPC,-,14145147,14178783,14145145,0,2,14145145,,Refseq end,,
APBB1IP,+,26438341,26567803,0,26567879,76,,26569020,Refseq end + Pool lab modified (continuous),,
HMGN2,+,26472440,26476642,0,26476642,0,,26477525,Pool lab modified (continuous),,
IL2RG,-,71107404,71112108,71107404,0,0,71106860,,Pool lab modified (continuous),,
IRF2BP2,-,234604269,234609525,234604269,0,0,234602315,,Pool lab modified (continuous),,
DBNL,+,44044640,44069456,0,44069456,0,,44071680,Pool lab modified (continuous),,
KCND1,-,48961378,48971844,48960983,0,395,48960983,,Refseq end,,
PLAAT4,+,63536808,63546462,0,63546458,-4,,63547000,Pool lab modified (continuous),,
EFHD2,+,15409888,15430339,0,15430339,0,,15430885,Pool lab modified (continuous),,
CNBP,-,129169484,129183922,129167827,0,1657,129167827,,Refseq end,,
F8A2,+,155382115,155383230,0,155383801,571,,155383801,Refseq end,,
PSMA1,-,14504874,14643635,14504876,0,-2,14503650,,Pool lab modified (continuous),,
UPK3BL2,-,102538417,102543849,102537919,0,498,102537919,,Refseq end,,
FBXO42,-,16246840,16352480,16246840,0,0,16246270,,Pool lab modified (continuous),,
TULP2,-,48880967,48898744,48880967,0,0,48880650,,Pool lab modified (continuous),,
RLIM,-,74582976,74614624,74582976,0,0,74579950,,Pool lab modified (continuous),,
LDB1,-,102107560,102120453,102102100,0,5460,102102100,,Refseq end,,
HIST1H1E,+,26156354,26157107,0,0,0,,26158000,Pool lab modified (continuous),,
DHX34,+,47349315,47382704,0,47382704,0,,47384250,Pool lab modified (continuous),,
MS4A6A,-,60172014,60184666,60171607,0,407,60171607,,Refseq end,,
PRKCH,+,61187559,61550976,0,61550980,4,,61550980,Refseq end,,
FOSB,+,45467995,45475179,0,45475179,0,,45477750,Pool lab modified (continuous),,
PDCD4-AS1,-,110869868,110872233,110868890,0,978,110868890,,Refseq end,,
LINC02446,+,10553362,10572688,0,10575688,3000,,10575688,Refseq end,,
HIST1H4C,+,26103876,26104310,0,0,0,,26104780,Pool lab modified (continuous),,
TRIM8,+,102642310,102660680,0,102658319,-2361,,,good as is,,
ZBTB7A,-,4043303,4066899,4043303,0,0,4040880,,Pool lab modified (splicing informed),,
AC103724.3,-,42151772,42152763,0,0,0,,,,,
SRSF3,+,36594353,36605600,0,36605600,0,,,good as is,,
HIST1H2AE,+,26216975,26217483,0,0,0,,26218200,Pool lab modified (continuous),,
ORAI1,+,121626550,121642677,0,121642040,-637,,,good as is,,
C5orf67,-,56511567,56606232,56511282,0,285,56511282,,Refseq end,,
CBX7,-,39120167,39152680,39130772,0,-10605,,,good as is,,
HERC3,+,88592434,88708541,0,88709303,762,,88709303,Refseq end,,
PER1,-,8140472,8156506,8140470,0,2,8140470,,Refseq end,,
PPIF,+,79347469,79355334,0,79355334,0,,79358520,Pool lab modified (splicing informed),,
TRA2A,-,23504780,23532041,23504780,0,0,23500000,,Pool lab modified (splicing informed),,
ZNF644,-,90915298,91022272,90915304,0,-6,90911940,,Pool lab modified (splicing informed),,
PFKFB3,+,6144934,6254644,0,6254648,4,,6254648,Refseq end,,
LONRF3,+,118974614,119018355,0,119022925,4570,,119022925,Refseq end,,
MAPK14,+,36027677,36111236,0,36122964,11728,,36122964,Refseq end,,
NCKAP5L,-,49791146,49828750,49791139,0,7,49791139,,Refseq end,,
ZNF484,-,92844182,92878038,92844182,0,0,92842650,,Pool lab modified (continuous),,
CSF2RA,+,1268800,1310381,0,1325218,14837,,1325218,"Refseq end, Pool lab verified",,
GGA2,-,23463542,23521995,23463542,0,0,23462215,,Pool lab modified (continuous),,
PIK3R2,+,18153163,18170532,0,18170532,0,,18171620,Pool lab modified (continuous),,
FAM138D,-,36602,38133,26667,0,9935,26667,,Refseq end,,
H3F3B,-,75776434,75785893,0,0,0,75775500,,Pool lab modified (continuous),,
KIR3DL2,+,54850443,54867207,0,54867209,2,,54867209,Refseq end,,
MHENCR,+,63627227,63628824,0,63628824,0,,63628920,Pool lab modified (continuous),,
POMZP3,-,76609986,76627261,96821,0,76513165,,76628560,Pool lab modified (continuous),,
KCNA3,-,110672465,110674940,110653560,0,18905,110653560,,"Refseq end, Pool lab verified",,
OTULIN,+,14664664,14699850,0,14716552,16702,,14716552,"Refseq end, Pool lab verified",,
RGP1,+,35749287,35758585,0,35758585,0,,35771750,Pool lab modified (splicing informed),,
TSPAN32,+,2301997,2318200,0,2318204,4,,2318204,Refseq end,,
IRAK1,-,154010506,154019902,154010507,0,-1,154010000,,Pool lab modified (continuous),,
GPCPD1,-,5544399,5611006,5544439,0,-40,5540560,,Pool lab modified (splicing informed),,
EIF5,+,103333544,103345025,0,103345025,0,,103348725,Pool lab modified (continuous),,
BHLHE40,+,4979437,4985323,0,4985323,0,,4985770,Pool lab modified (continuous),,
PPP1R10,-,30600413,30618612,1855502,0,28744911,30597730,,Pool lab modified (splicing informed),,
NFIL3,-,91409045,91423832,91409045,0,0,91407485,,Pool lab modified (continuous),,
NIT1,+,161118086,161125445,0,161125446,1,,161125446,Refseq end,,
ARL17A,-,46516702,46579682,1028373,0,45488329,46489260,,Pool lab modified (splicing informed),,
DCTN4,-,150708440,150759109,150708440,0,0,150707700,,Pool lab modified (splicing informed),,
FCRL1,-,157794403,157820120,157792249,0,2154,157792249,,Refseq end,,
TMED4,-,44577894,44582287,44577894,0,0,44575485,,Pool lab modified (splicing informed),,
TOB2,-,41433494,41446801,41433492,0,2,41433492,,Refseq end,,
JUN,-,58780791,58784047,58780791,0,0,58779090,,Pool lab modified (continuous),,
NEU1,-,31857659,31862822,3105437,0,28752222,31855925,,Pool lab modified (continuous),,
NCKAP1L,+,54497752,54548243,0,54548243,0,,54548950,Pool lab modified (continuous),,
SPDYE3,+,100307702,100322196,0,100322196,0,,100323200,Pool lab modified (continuous),,
ATP6V1B2,+,20197381,20226819,0,20226852,33,,20230390,Refseq end + Pool lab modified (splicing informed),,
RAB11FIP1,-,37858618,37899497,37858618,0,0,37853930,,Pool lab modified (splicing informed),,
FCRL6,+,159800511,159816257,0,159816257,0,,159818275,Great example - Pool lab modified (splicing informed),,
SH3BP2,+,2793071,2841098,0,2841096,-2,,2842430,Pool lab modified (splicing informed),,
SERPINB9,-,2887270,2903309,2887270,0,0,2883330,,Pool lab modified (splicing informed),,
HIST1H2AK,-,27837947,27838339,0,0,0,27836780,,Pool lab modified (continuous),,
PICALM,-,85957175,86069882,85957175,0,0,85951740,,Pool lab modified (splicing informed),,
MILR1,+,64449037,64468643,0,64496469,27826,,64496469,"Refseq end, Pool lab verified",,
MEF2D,-,156463727,156500779,156463727,0,0,156462580,,Pool lab modified (continuous),,
KLHL9,-,21329665,21335404,21329665,0,0,21324000,,Pool lab modified (splicing informed),,
TRAT1,+,108822770,108855005,0,108855005,0,,108888790,Pool lab modified (splicing informed),,
CCR4,+,32951644,32956349,0,32956349,0,,32958180,Pool lab modified (continuous),,
ANXA1,+,73151865,73170393,0,73170393,0,,73171037,Pool lab modified (continuous),,
P2RY8,-,1462581,1537185,1462576,0,5,1461460,,Refseq end + Pool lab modified (continuous),,
WAKMAR2,-,137823673,137868233,137823669,0,4,137822180,,Refseq end + Pool lab modified (continuous),,
CXorf21,-,30558809,30577766,0,0,0,30557690,,Pool lab modified (continuous),,
IVNS1ABP,-,185296388,185317273,185292367,0,4021,185292367,,Refseq end,,
FTL,+,48965309,48966879,0,48966879,0,,48967850,Pool lab modified (continuous),,
CCDC65,+,48904110,48931840,0,48921576,-10264,48903150,,Pool lab modified (continuous),,
RPL21,+,27251309,27256691,0,27256568,-123,,27257350,Pool lab modified (continuous),,
TNFRSF9,-,7915894,7943165,7915871,0,23,7915871,,Refseq end,,
CD96,+,111292719,111665750,0,111665996,246,,111665996,Refseq end,,
APOA2,-,161222292,161223631,161222292,0,0,161221630,,Pool lab modified (continuous),,
VAV3-AS1,+,107964443,107994607,0,107994607,0,,107995155,Pool lab modified (continuous),,
RUNDC1,+,42980565,42993690,0,42995142,1452,,42995142,Refseq end,,
HIST1H2BI,+,26272976,26273356,0,0,0,,26273795,Pool lab modified (continuous),,
SPTBN2,-,66685248,66729226,66682496,0,2752,66682496,,Refseq end,,
ESYT1,+,56118250,56144671,0,56144674,3,,56144674,Refseq end,,
CD3D,-,118338954,118342744,118338954,0,0,118337370,,Pool lab modified (continuous),,
IL1B,-,112829751,112836816,112829751,0,0,112827660,,Pool lab modified (splicing informed),,
RRP7A,-,42508344,42519796,42508344,0,0,42508000,,Pool lab modified (continuous),,
VCP,-,35056064,35072627,35056064,0,0,35054900,,Pool lab modified (continuous),,
CD82,+,44564427,44620358,0,44620363,5,,44622025,Refseq end + Pool lab modified (splicing informed),,
FLT3LG,+,49474207,49486231,0,49487037,806,,49487037,Refseq end,,
CLEC17A,+,14583084,14611157,0,14612035,878,,14612035,Refseq end,,
FXYD5,+,35154730,35169881,0,35169881,0,,35172445,Pool lab modified (continuous),,
MYADM,+,53864763,53876435,0,53876435,0,,53878660,Pool lab modified (continuous),,
ANXA11,-,80150889,80205572,80150889,0,0,80148950,,Pool lab modified (continuous),,
BEST4,-,44783585,44788170,44782145,0,1440,44782145,,Refseq end,,
TTC39C,+,23992773,24135610,0,24135970,360,,24135970,Refseq end,,
CAMK2D,-,113451032,113761927,113451032,0,0,113449950,,Pool lab modified (continuous),,
ATF5,+,49928702,49933935,0,49933935,0,,49936250,Pool lab modified (continuous),,
CDKN1A,+,36676460,36687339,0,36687332,-7,,36689209,Pool lab modified (continuous),,
HIST1H4K,-,27831216,27831527,0,0,0,27830440,,Pool lab modified (continuous),,
SH2D2A,-,156806243,156816862,156806238,0,5,156806238,,Refseq end,,
PRR7,+,177446445,177456286,0,177456286,0,,177456800,Pool lab modified (continuous),,
S1PR5,-,10512742,10517931,10512742,0,0,10512430,,Pool lab modified (continuous),,
LY6G6F,+,31706885,31710595,0,31710679,84,,31710679,Refseq end,,
SLC43A2,-,1569267,1628886,1,0,1569266,1565960,,Pool lab modified (continuous),,
HIST1H3H,+,27810064,27811300,0,0,0,,27812040,Pool lab modified (continuous),,
DUSP2,-,96143169,96145440,96143166,0,3,96143166,,Refseq end,,
WDR82,-,52254434,52288020,52254424,0,10,52254424,,Refseq end,,
HLA-A,+,29941260,29945884,0,29945870,-14,,29947435,Pool lab modified (continuous),,
EED,+,86244753,86278813,0,86285420,6607,,86285420,Refseq end,,
SKAP1,-,48133442,48430275,48133438,0,4,48133438,,Refseq end,,
ZC3H15,+,186486253,186509361,0,186509361,0,,186510755,Pool lab modified (continuous),,
ARHGEF18,+,7395113,7472484,0,7476990,4506,,7476990,Refseq end,,
MIR155HG,+,25561909,25575168,0,25575168,0,,25576845,Pool lab modified (continuous),,
VIM-AS1,-,17214239,17229985,17214239,0,0,17210570,,Pool lab modified (continuous),,
ARRDC5,-,4890437,4902896,4867614,0,22823,4867614,,"Refseq end, Pool lab verified",,
ARL6IP1,-,18791669,18801572,18791667,0,2,18791667,,Refseq end,,
ATP11B,+,182793503,182921629,0,182923010,1381,,182923010,Refseq end,,
CALCOCO2,+,48830988,48866522,0,48865245,-1277,,48868205,Pool lab modified (splicing informed),,
YME1L1,-,27110112,27155266,27110111,0,1,27110111,,Refseq end,,
GADD45B,+,2476122,2478259,0,2478259,0,,2478760,Pool lab modified (continuous),,
ITGAX,+,31355134,31382997,0,31382999,2,,31382999,Refseq end,,
STK4,+,44966479,45080021,0,45080021,0,,45084215,Pool lab modified (continuous),,
MYLIP,+,16129086,16148248,0,16151015,2767,,16151015,Refseq end,,
ZFAND6,+,80059568,80138393,0,80138393,0,,80140965,Pool lab modified (continuous),,
ITGB1,-,32900318,33005792,32900318,0,0,32899530,,Pool lab modified (continuous),,
MRPS10,-,42206807,42217861,42206801,0,6,42206801,,Refseq end,,
PTGIR,-,46620468,46625089,46610040,0,10428,46610040,,Refseq end,,
CEBPB,+,50190830,50192668,0,50192690,22,,50192690,Refseq end,,
AP3B1,-,78000525,78294755,78000522,0,3,77999860,,Refseq end + Pool lab modified (continuous),,
ZNF708,-,21291160,21329425,21290385,0,775,21290385,,Refseq end,,
CD300E,-,74609885,74623738,74609885,0,0,74607180,,Pool lab modified (continuous),,
PBDC1,+,76173040,76178314,0,76178314,0,,76178590,Pool lab modified (continuous),,
CAHM,-,163413065,163413960,163413065,0,0,163412380,,Pool lab modified (continuous),,
OASL,-,121019111,121039242,121018882,0,229,121018882,,Refseq end,,
PIK3CB,-,138652699,138834938,138652698,0,1,138652698,,Refseq end,,
RNF168,-,196468783,196503768,196468783,0,0,196467880,,Pool lab modified (continuous),,
HNRNPA3,+,177212563,177223958,0,177223959,1,,177225890,Refseq end + Pool lab modified (splicing informed),,
KIAA1586,+,57046532,57055239,0,57055739,500,,57055739,Refseq end,,
FGD2,+,37005646,37029069,0,37029072,3,,37029280,Refseq end + Pool lab modified (continuous),,
MORN3,-,121648742,121672631,54513,0,121594229,121648150,,Pool lab modified (continuous),,
NIPAL3,+,24415802,24472976,0,24472983,7,,24475010,Refseq end + Pool lab modified (continuous),,
GBP3,-,89006679,89022894,89006677,0,2,89006677,,Refseq end,,
PPP2CA,-,134194332,134226073,134194332,0,0,134193980,,Pool lab modified (continuous),,
TLR1,-,38790677,38856817,38791055,0,-378,38789275,,Pool lab modified (continuous),,
IL2RB,-,37125843,37175054,37125838,0,5,37125838,,Refseq end,,
SUB1,+,32531633,32604079,0,32604079,0,,32604950,Pool lab modified (continuous),,
ZBED4,+,49853844,49890080,0,49890080,0,,49891160,Pool lab modified (continuous),,
RASGRP3,+,33436324,33564750,0,33564731,-19,,33571530,Pool lab modified (splicing informed),,
HIST1H4A,+,26021679,26021990,0,0,0,,26022475,Pool lab modified (continuous),,
TMEM127,-,96248516,96265994,96248514,0,2,96248514,,Refseq end,,
FDFT1,+,11795573,11839304,0,11839309,5,,11839309,Refseq end,,
HIST1H2BB,-,26043277,26043657,0,0,0,26042760,,Pool lab modified (continuous),,
IER2,+,13150411,13154911,0,13154911,0,,13155780,Pool lab modified (continuous),,
HSPB1,+,76302673,76304295,0,76304292,-3,,76305780,Pool lab modified (continuous),,
PTPN7,-,202147013,202161588,202147012,0,1,202145880,,Refseq end + Pool lab modified (continuous),,
CD7,-,82314868,82317608,82314865,0,3,82313220,,Refseq end + Pool lab modified (splice informed),,
COG6,+,39655627,39791665,0,39791666,1,,39791666,Refseq end,,
MEFV,-,3242028,3256627,3242027,0,1,3242027,,Refseq end,,
UBB,+,16380798,16382745,0,16382745,0,,16383160,Pool lab modified (continuous),,
RFX3-AS1,+,3526723,3691814,0,3691756,-58,,3693180,Pool lab modified (continuous),,
LINC01871,+,7725801,7730705,0,7731511,806,,7731511,Refseq end,,
PTGER2,+,52314305,52328598,0,52328598,0,,52329800,Pool lab modified (continuous),,
UBXN7-AS1,+,196431385,196432530,0,196433034,504,,196433034,Refseq end,,
SOCS1,-,11254405,11256200,11254417,0,-12,11253500,,Pool lab modified (continuous),,
TRMO,-,97904489,97922570,97896855,0,7634,97896855,,Refseq end,,
MAP2K2,-,4090321,4124129,4090321,0,0,4088620,,Pool lab modified (splicing informed),,
MOB3A,-,2071036,2096673,2071036,0,0,2068120,,Pool lab modified (splicing informed),,
MAGOHB,-,10604193,10613609,10604190,0,3,10604190,,Refseq end,,
TSC22D3,-,107713221,107777342,107713221,0,0,107698700,,Pool lab modified (splicing informed),,
NFAM1,-,42380410,42432395,42380407,0,3,42380407,,Refseq end,,
PUS10,-,60940222,61018259,60940218,0,4,60940218,,Refseq end,,
PTPRC,+,198638457,198757476,0,198757476,0,,198759350,Pool lab modified (continuous),,
S100A5,-,153537147,153541765,153537114,0,33,153537114,,Refseq end,,
ZNF114-AS1,-,48262900,48271283,48262699,0,201,48262699,,Refseq end,,
CCR5AS,-,46364955,46407059,46364660,0,295,46364660,,Refseq end,,
KDM2B-DT,+,121580792,121593504,0,121596184,2680,,121596184,Refseq end,,
KIAA0319L,-,35433492,35557950,35433490,0,2,35433490,,Refseq end,,
SELPLG,-,108622277,108633959,108621895,0,382,108621895,,Refseq end,,
BAZ2B,-,159318979,159616569,159315312,0,3667,159315312,,Refseq end,,
HUS1,-,47963288,47979615,47962980,0,308,47962980,,Refseq end,,
RMND1,-,151404762,151452158,151404548,0,214,151404548,,Refseq end,,
UBXN7,-,196347662,196432430,196347659,0,3,196347659,,Refseq end,,
RASA4B,-,102482445,102517781,102479976,0,2469,102479976,,Refseq end,,
SNX11,+,48103357,48123074,0,48123601,527,,48123601,Refseq end,,
CD58,-,116514534,116571039,116500390,0,14144,116500390,,Refseq end,,
SEMA6B,-,4542593,4559684,4542588,0,5,4542588,,Refseq end,,
CCDC12,-,46921726,46982010,46916310,0,5416,46916310,,Refseq end,,
NSUN4,+,46340177,46365152,0,46385199,20047,,46385199,"Refseq end, Pool lab verified",,
TTC24,+,156579727,156586770,0,156587719,949,,156587719,Refseq end,,
SRGN,+,69088103,69104805,0,69104811,6,,69104811,Refseq end,,
RBM41,-,107064420,107118823,107052102,0,12318,107052102,,Refseq end,,
IKZF3,-,39757718,39864312,39757715,0,3,39757715,,Refseq end,,
LINC01857,+,207662375,207667024,0,207679122,12098,,207679122,Refseq end,,
PDPK1,+,2537979,2603188,0,2603190,2,,2603190,Refseq end,,
RAB18,+,27504174,27542237,0,27542239,2,,27542239,Refseq end,,
KDM4B,+,4969113,5153598,0,5153603,5,,5153603,Refseq end,,
NBPF26,+,120723949,120842110,0,120842215,105,,120842215,Refseq end,,
CD28,+,203706475,203738912,0,203739756,844,,203739756,Refseq end,,
CDC37,-,10391133,10420121,10391128,0,5,10391128,,Refseq end,,
ZNF169,+,94259298,94301829,0,94303967,2138,,94303967,Refseq end,,
LAX1,+,203765177,203776372,0,203778175,1803,,203778175,Refseq end,,
DNPEP,-,219373527,219400022,219372043,0,1484,219372043,,Refseq end,,
UCP2,-,73974672,73983246,73974671,0,1,73974060,,Pool lab modified,,
RILPL2,-,123410683,123436717,123409890,0,793,123409890,,Refseq end,,
TNFSF14,-,6661253,6670588,6658126,0,3127,6658126,,Refseq end,,
INPP4A,+,98444854,98594390,0,98594392,2,,98594392,Refseq end,,
ADAP2,+,30906344,30959322,0,30959398,76,,30959398,Refseq end,,
DENND4C,+,19230435,19373545,0,19374281,736,,19374281,Refseq end,,
KLK4,-,50906352,50910738,50906351,0,1,50906351,,Refseq end,,
FCN1,-,134903232,134917912,134903232,0,0,134900762,,Pool lab modified (splicing informed),,
RANGAP1,-,41245611,41286251,41244779,0,832,41244779,,Refseq end,,
RUBCNL,-,46342000,46438190,46334681,0,7319,46334681,,Refseq end,,
CD300A,+,74466399,74484794,0,74484798,4,,74484798,Refseq end,,
C2orf49,+,105337532,105349211,0,105359940,10729,,105359940,Refseq end,,
DMXL1,+,119037772,119249138,0,119249432,294,,119249432,Refseq end,,
SFTPB,-,85657314,85668741,85657307,0,7,85657307,,Refseq end,,
PPM1N,+,45488777,45502510,0,45502694,184,,45502694,Refseq end,,
TOM1L2,-,17843511,17972422,17843508,0,3,17843508,,Refseq end,,
APLP1,+,35867899,35879791,0,35879795,4,,35879795,Refseq end,,
SIDT1,+,113532296,113629578,0,113629579,1,,113629579,Refseq end,,
BTLA,-,112463966,112499472,112463030,0,936,112463030,,Refseq end,,
TRIM60,+,165016458,165041749,0,165041821,72,,165041821,Refseq end,,
MPL,+,43337849,43352772,0,43354466,1694,,43354466,Refseq end,,
ARHGDIA,-,81867721,81871378,81867719,0,2,81867719,,Refseq end,,
NPIPB5,+,22479121,22536521,0,22536535,14,,22536535,Refseq end,,
CASC3,+,40140318,40172171,0,40172172,1,,40172172,Refseq end,,
SIRPB1,-,1563521,1620061,1561385,0,2136,1561385,,Refseq end,,
IDH3B,-,2658395,2664219,2658394,0,1,2658394,,Refseq end,,
BPHL,+,3118374,3153578,0,3153599,21,,3153599,Refseq end,,
TCP11L2,+,106301929,106347003,0,106347455,452,,106347455,Refseq end,,
NSMCE2,+,125091679,125367120,0,125367125,5,,125367125,Refseq end,,
TRGV10,-,38299811,38300322,38299810,0,1,38299810,,Refseq end,,
BTF3,+,73498408,73505635,0,73505667,32,,73505667,Refseq end,,
COQ10B,+,197453423,197475308,0,197475310,2,,197475310,Refseq end,,
TYK2,-,10350529,10380572,10350528,0,1,10350528,,Refseq end,,
PRMT2,+,46635595,46665124,0,46665685,561,,46665685,Refseq end,,
DIPK1A,-,92832737,92961522,92832729,0,8,92832729,,Refseq end,,
INCENP,+,62123998,62153169,0,62155474,2305,,62155474,Refseq end,,
ARID5A,+,96536743,96552634,0,96552638,4,,96552638,Refseq end,,
EPC2,+,148644440,148787569,0,148788491,922,,148788491,Refseq end,,
FOXO4,+,71095851,71103532,0,71103534,2,,71103534,Refseq end,,
GTF2H2C,+,69560208,69594723,0,69595221,498,,69595221,Refseq end,,
ESCO1,-,21529284,21600884,21529281,0,3,21529281,,Refseq end,,
HSD11B1-AS1,-,209661364,209724125,209661359,0,5,209661359,,Refseq end,,
FHL3,-,37996770,38005606,37996765,0,5,37996765,,Refseq end,,
CAMSAP2,+,200739558,200860704,0,200860707,3,,200860707,Refseq end,,
ELMO1,-,36854361,37449249,36852906,0,1455,36852906,,Refseq end,,
PITPNM1,-,67491768,67506263,67491760,0,8,67491760,,Refseq end,,
LINC02520,+,37507348,37535616,0,37536280,664,,37536280,Refseq end,,
PHLDB3,-,43474954,43504935,43474341,0,613,43474341,,Refseq end,,
METTL22,+,8621683,8649654,0,8673565,23911,,8673565,"Refseq end, Pool lab verified",,
SLC16A11,-,7041630,7043923,7041621,0,9,7041621,,Refseq end,,
QRICH2,-,76274049,76307998,76271296,0,2753,76271296,,Refseq end,,
RPRD1A,-,35984387,36067576,35982385,0,2002,35982385,,Refseq end,,
SEMA4F,+,74654228,74683853,0,74699013,15160,,74699013,Refseq end,,
SAFB2,-,5586999,5624046,5586993,0,6,5586993,,Refseq end,,
FUOM,-,133355158,133358025,133352773,0,2385,133352773,,Refseq end,,
MAGT1,-,77826364,77895593,77825747,0,617,77825747,,Refseq end,,
MMP25,+,3046561,3060726,0,3060729,3,,3060729,Refseq end,,
PDXDC1,+,14974591,15139339,0,15153343,14004,,15153343,Refseq end,,
CCR7,-,40553769,40565472,40553769,0,0,40550475,,Pool lab modified (continuous),,
DYNC1I2,+,171687409,171748420,0,171750158,1738,,171750158,Refseq end,,
NR1D2,+,23945286,23980617,0,23980618,1,,23980618,Refseq end,,
RNF125,+,32018825,32073219,0,32090756,17537,,32090756,Refseq end,,
APOL3,-,36140330,36166177,36140323,0,7,36140323,,Refseq end,,
ANKRD36,+,97113218,97264434,0,97264521,87,,97264521,Refseq end,,
LINC02084,+,27712910,27714005,0,27714006,1,,27715180,Refseq end + Pool lab modified,,
NUDT18,-,22106874,22109419,22106872,0,2,22106872,,Refseq end,,
TRNP1,+,26993692,27000886,0,27000891,5,,27000891,Refseq end,,
NHLH2,-,115836377,115843917,115830777,0,5600,115830777,,Refseq end,,
SCML4,-,107702154,107824317,107697297,0,4857,107697297,,Refseq end,,
SIGLEC5,-,51611927,51645545,51610960,0,967,51610960,,Refseq end,,
KDM5C,-,53191321,53225422,53176277,0,15044,53176277,,Refseq end,,
HYPK,+,43796142,43803043,0,43804427,1384,,43804427,Refseq end,,
GOLGA4,+,37243177,37366751,0,37366879,128,,37366879,Refseq end,,
RAB7A,+,128726122,128814796,0,128814798,2,,128814798,Refseq end,,
LDLRAP1,+,25543580,25568886,0,25590400,21514,,25590400,Refseq end,,
OTUD5,-,48922028,48958386,48922024,0,4,48922024,,Refseq end,,
CABP4,+,67452406,67460313,0,67461774,1461,,67461774,Refseq end,,
ATP2A3,-,3923870,3964464,3923869,0,1,3923869,,Refseq end,,
NCR1,+,54906148,54916140,0,54938211,22071,,54938211,Refseq end,,
B4GALT1,-,33104082,33167356,33104077,0,5,33104077,,Refseq end,,
MAMSTR,-,48712725,48719725,48712441,0,284,48712441,,Refseq end,,
USE1,+,17215346,17219829,0,17219831,2,,17219831,Refseq end,,
GON4L,-,155749662,155859400,155749659,0,3,155749659,,Refseq end,,
REL,+,60881521,60931610,0,60931612,2,,60931612,Refseq end,,
BBS4,+,72686179,72738475,0,72738476,1,,72738476,Refseq end,,
MAFF,+,38200767,38216507,0,38216511,4,,38216511,Refseq end,,
NLRP12,-,53793603,53824394,53793584,0,19,53793584,,Refseq end,,
SNX19,-,130875436,130916509,130866250,0,9186,130866250,,Refseq end,,
C11orf21,-,2295645,2303049,2295628,0,17,2295628,,Refseq end,,
LINC00324,-,8220642,8224043,8220630,0,12,8220630,,Refseq end,,
SCARF2,-,20424815,20437826,20424584,0,231,20424584,,Refseq end,,
GPR35,+,240605430,240631259,0,240633159,1900,,240633159,Refseq end,,
TMEM35B,-,34981535,34985353,34981526,0,9,34981526,,Refseq end,,
ATXN7L1,-,105605067,105876604,105604772,0,295,105604772,,Refseq end,,
FAM193A,+,2536631,2732565,0,2732573,8,,2732573,Refseq end,,
POM121,+,72879365,72951440,0,72951459,19,,72951459,Refseq end,,
ZSCAN12,-,28378955,28399734,28378821,0,134,28378821,,Refseq end,,
RBSN,-,15070073,15099163,15070069,0,4,15070069,,Refseq end,,
IL18,-,112143253,112164096,112143251,0,2,112143251,,Refseq end,,
AKR7A2,-,19303965,19312146,19302708,0,1257,19302708,,Refseq end,,
CREBZF,-,85659708,85682908,85657985,0,1723,85657985,,Refseq end,,
MTURN,+,30134986,30162762,0,30162764,2,,30162764,Refseq end,,
BSDC1,-,32365103,32394731,32364633,0,470,32364633,,Refseq end,,
LINC02561,-,5266033,5271236,5265989,0,44,5265989,,Refseq end,,
RELCH,+,62187255,62310217,0,62310249,32,,62310249,Refseq end,,
PLK3,+,44800377,44805990,0,44805995,5,,44805995,Refseq end,,
ORMDL1,-,189770267,189784364,189763859,0,6408,189763859,,Refseq end,,
ASTL,-,96123850,96138436,96122817,0,1033,96122817,,Refseq end,,
LENEP,+,154993586,154994315,0,154994321,6,,154994321,Refseq end,,
ELF1,-,40931924,41061440,40931919,0,5,40931919,,Refseq end,,
AGRN,+,1020120,1056118,0,1056119,1,,1056119,Refseq end,,
ZNF517,+,144798876,144811169,0,144813137,1968,,144813137,Refseq end,,
NDUFB8,-,100523740,100530000,100523729,0,11,100523729,,Refseq end,,
EXOC4,+,133253073,134066589,0,134067137,548,,134067137,Refseq end,,
FPGS,+,127794597,127814327,0,127814520,193,,127814520,Refseq end,,
VNN2,-,132743870,132763459,132743503,0,367,132743503,,Refseq end,,
C2CD4D-AS1,+,151841877,151850385,0,151851535,1150,,151851535,Refseq end,,
TBC1D24,+,2475051,2509560,0,2509669,109,,2509669,Refseq end,,
RPL28,+,55385345,55403250,0,55403342,92,,55403342,Refseq end,,
PLAAT2,-,63552770,63563379,63552759,0,11,63552759,,Refseq end,,
HLA-DQA1,+,32628179,32647062,0,32654846,7784,,32654846,Refseq end,,
RBM20,+,110644336,110839468,0,110839471,3,,110839471,Refseq end,,
MYO18A,-,29071124,29180412,29071122,0,2,29071122,,Refseq end,,
ZFAND2A,-,1152071,1160759,1148850,0,3221,1148850,,Refseq end,,
STIM2-AS1,-,26859806,26860632,26859624,0,182,26859624,,Refseq end,,
TMEM138,+,61362344,61369509,0,61378224,8715,,61378224,Refseq end,,
ANTXRL,+,46286345,46330207,0,46330419,212,,46330419,Refseq end,,
RPL34,+,108620566,108630412,0,108630484,72,,108630484,Refseq end,,
SNHG1,-,62851984,62855953,62851978,0,6,62851978,,Refseq end,,
ZNF34,-,144773114,144787345,144772224,0,890,144772224,,Refseq end,,
SERINC5,-,80111651,80256048,80111225,0,426,80111225,,Refseq end,,
NDUFA11,-,5891276,5904006,5891229,0,47,5891229,,Refseq end,,
ABLIM1,-,114431113,114768061,114431110,0,3,114431110,,Refseq end,,
AIM2,-,159062484,159147096,159059226,0,3258,159059226,,Refseq end,,
LINC00106,+,1396427,1399402,0,1399412,10,,1399412,Refseq end,,
ATF4,+,39519695,39522685,0,39522686,1,,39522686,Refseq end,,
SLX1A,+,30193887,30197561,0,30197566,5,,30197566,Refseq end,,
FCGR3A,-,161541759,161550737,161541759,0,0,161539585,,Pool lab modified (continuous),,
SLC30A7,+,100896076,100981757,0,100996913,15156,,100996913,Refseq end,,
TRERNA1,-,50040716,50041504,50040707,0,9,50040707,,Refseq end,,
NPIPB11,-,29381354,29404029,29381318,0,36,29381318,,Refseq end,,
FBXW8,+,116910950,117031148,0,117032498,1350,,117032498,Refseq end,,
NSMAF,-,58583508,58659853,58583504,0,4,58583504,,Refseq end,,
TPM4,+,16067021,16103002,0,16103005,3,,16103005,Refseq end,,
ARL17B,-,46274784,46361797,46274184,0,600,46274184,,Refseq end,,
NPAT,-,108157215,108222638,108155280,0,1935,108155280,,Refseq end,,
ZNF282,+,149195546,149226238,0,149226243,5,,149226243,Refseq end,,
GREB1L,+,21242242,21525417,0,21528503,3086,,21528503,Refseq end,,
PRR11,+,59155499,59204705,0,59206709,2004,,59206709,Refseq end,,
ACAT1,+,108116695,108147603,0,108148822,1219,,108148822,Refseq end,,
TTLL10,+,1173884,1197935,0,1197936,1,,1197936,Refseq end,,
ABCG1,+,42199689,42297244,0,42304387,7143,,42304387,Refseq end,,
IL9R,+,155997581,156010817,0,156013017,2200,,156013017,Refseq end,,
LINC00265,+,39733430,39793092,0,39794623,1531,,39794623,Refseq end,,
AGFG1,+,227472152,227561214,0,227561217,3,,227561217,Refseq end,,
USP38,+,143184917,143223874,0,143224429,555,,143224429,Refseq end,,
UTY,-,13248379,13480673,13231827,0,16552,13231827,,Refseq end,,
WAC-AS1,-,28522652,28533066,28519917,0,2735,28519917,,Refseq end,,
ORC3,+,87590067,87667453,0,87677824,10371,,87677824,Refseq end,,
TMEM126B,+,85628573,85636539,0,85636540,1,,85636540,Refseq end,,
VANGL2,+,160400564,160428670,0,160428674,4,,160428674,Refseq end,,
XPO6,-,28097979,28211920,28097976,0,3,28097976,,Refseq end,,
ZDHHC21,-,14611071,14693471,14588797,0,22274,14588797,,Refseq end,,
ZNF782,-,96816269,96875623,96815628,0,641,96815628,,Refseq end,,
EMP3,+,48321509,48330553,0,48330554,1,,48330554,Refseq end,,
LINC01001,-,127204,139612,127134,0,70,127134,,Refseq end,,
LINC02648,+,6618716,6625346,0,6639781,14435,,6639781,Refseq end,,
TRPM5,-,2404515,2423045,2403962,0,553,2403962,,Refseq end,,
GBP5,-,89258950,89272804,89256189,0,2761,89256189,,Refseq end,,
BRD1,-,49773283,49827512,49773278,0,5,49773278,,Refseq end,,
ATG14,-,55366392,55411858,55366391,0,1,55366391,,Refseq end,,
SPDYE4,-,8753106,8758559,8747532,0,5574,8747532,,Refseq end,,
UBE2E2,+,23203020,23591794,0,23591925,131,,23591925,Refseq end,,
DIP2A,+,46458891,46570015,0,46571226,1211,,46571226,Refseq end,,
RRP12,-,97356358,97426076,97356357,0,1,97356357,,Refseq end,,
LINC00167,+,130002938,130004356,0,130005486,1130,,130005486,Refseq end,,
TUBD1,-,59859479,59892945,59859467,0,12,59859467,,Refseq end,,
ZSCAN22,+,58326994,58342332,0,58342336,4,,58342336,Refseq end,,
SRSF12,-,89095959,89118071,89095957,0,2,89095957,,Refseq end,,
PIGO,-,35088688,35096601,35085496,0,3192,35085496,,Refseq end,,
RXFP4,+,155941710,155942949,0,155943087,138,,155943087,Refseq end,,
DPH1,+,2030110,2043430,0,2043898,468,,2043898,Refseq end,,
LINC02390,+,9704077,9709350,0,9711454,2104,,9711454,Refseq end,,
MYMX,+,44216926,44218234,0,44218236,2,,44218236,Refseq end,,
IRF2,-,184387729,184474550,184382741,0,4988,184382741,,Refseq end,,
LINC02766,+,12527724,12528420,0,12531132,2712,,12531132,Refseq end,,
NSMF,-,137447573,137459334,137447570,0,3,137447570,,Refseq end,,
STT3B,+,31532638,31637616,0,31637621,5,,31637621,Refseq end,,
TXNL4B,-,72044289,72094431,72044261,0,28,72044261,,Refseq end,,
MANEA-DT,-,95575183,95577450,95560096,0,15087,95560096,,Refseq end,,
ABCC10,+,43427366,43450427,0,43451994,1567,,43451994,Refseq end,,
GPKOW,-,49113407,49123735,49113396,0,11,49113396,,Refseq end,,
ARL14EP,+,30323104,30338223,0,30338458,235,,30338458,Refseq end,,
KCNN1,+,17951293,18000080,0,18000085,5,,18000085,Refseq end,,
GPR174,+,79144663,79175315,0,79175318,3,,79175318,Refseq end,,
ZNF138,+,64794388,64833681,0,64860823,27142,,64860823,Refseq end,,
COL23A1,-,178237618,178590393,178237616,0,2,178237616,,Refseq end,,
CD93,-,23079360,23086324,23076554,0,2806,23076554,,Refseq end,,
DRAM2,-,111117333,111140216,111117163,0,170,111117163,,Refseq end,,
NLRP6,+,278365,285359,0,285942,583,,285942,Refseq end,,
NPIPB4,-,21834569,21880827,21834568,0,1,21834568,,Refseq end,,
ARL16,-,81681174,81683924,81681165,0,9,81681165,,Refseq end,,
AZIN1,-,102826308,102893864,102826302,0,6,102826302,,Refseq end,,
MPZ,-,161304735,161309972,161303594,0,1141,161303594,,Refseq end,,
LINC01303,-,61556273,61570653,61556272,0,1,61556272,,Refseq end,,
NEDD1,+,96907223,96953777,0,96953780,3,,96953780,Refseq end,,
SLC1A6,-,14950034,15022990,14950033,0,1,14950033,,Refseq end,,
ANKMY1,-,240479422,240569209,240468632,0,10790,240468632,,Refseq end,,
FAHD2B,-,97083583,97094882,97080738,0,2845,97080738,,Refseq end,,
LINC02598,-,10358464,10361045,10356923,0,1541,10356923,,Refseq end,,
LIPE,-,42401514,42427388,42401512,0,2,42401512,,Refseq end,,
NDUFA7,-,8308768,8321375,8308595,0,173,8308595,,Refseq end,,
TMEM164,+,110002631,110182734,0,110184251,1517,,110184251,Refseq end,,
ADAT1,-,75596981,75623300,75596868,0,113,75596868,,Refseq end,,
ASTN2,-,116425225,117415070,116423112,0,2113,116423112,,Refseq end,,
GEMIN8,-,14008279,14029893,14002494,0,5785,14002494,,Refseq end,,
SLC26A11,+,80219699,80253500,0,80253502,2,,80253502,Refseq end,,
TET3,+,73986404,74108176,0,74135394,27218,,74135394,Refseq end,,
GDI2,-,5765223,5842132,5765222,0,1,5765222,,Refseq end,,
NUDT2,+,34329506,34343711,0,34343713,2,,34343713,Refseq end,,
CYP20A1,+,203238940,203305611,0,203306026,415,,203306026,Refseq end,,
ZXDA,-,57906708,57910820,57905430,0,1278,57905430,,Refseq end,,
LINGO3,-,2289784,2292024,2287164,0,2620,2287164,,Refseq end,,
IGLJ5,+,22914237,22914308,0,22914309,1,,22914309,Refseq end,,
DCAF16,-,17800655,17810758,17793446,0,7209,17793446,,Refseq end,,
TLR2,+,153684070,153705702,0,153710643,4941,,153710643,Refseq end,,
RASSF3,+,64507001,64697564,0,64697567,3,,64697567,Refseq end,,
TBC1D13,+,128787253,128810430,0,128810432,2,,128810432,Refseq end,,
TBC1D28,-,18635006,18644427,18634434,0,572,18634434,,Refseq end,,
GNG8,-,46634076,46634685,46633953,0,123,46633953,,Refseq end,,
ZNF487,+,43436841,43483181,0,43483184,3,,43483184,Refseq end,,
LAMP2,-,120427827,120469365,120426148,0,1679,120426148,,Refseq end,,
OSGIN2,+,89901849,89927888,0,89935614,7726,,89935614,Refseq end,,
GAN,+,81314966,81380198,0,81390809,10611,,81390809,Refseq end,,
PRRT1B,+,131545514,131558620,0,131559199,579,,131559199,Refseq end,,
TNFRSF4,-,1211340,1214153,1211326,0,14,1211326,,Refseq end,,
GNG3,+,62707676,62709201,0,62709206,5,,62709206,Refseq end,,
LSM6,+,146175703,146200000,0,146204436,4436,,146204436,Refseq end,,
MICAL2,+,12094008,12359144,0,12362140,2996,,12362140,Refseq end,,
SIGLEC9,+,51124908,51136651,0,51140480,3829,,51140480,Refseq end,,
PHYKPL,-,178208471,178232802,178207144,0,1327,178207144,,Refseq end,,
LINC00426,-,30340267,30377145,30340266,0,1,30340266,,Refseq end,,
NHEJ1,-,219075317,219160865,219069357,0,5960,219069357,,Refseq end,,
RFT1,-,53088483,53130453,53071151,0,17332,53071151,,Refseq end,,
GOLGA8T,+,30135149,30145567,0,30148748,3181,,30148748,Refseq end,,
TXNDC16,-,52430596,52552522,52430594,0,2,52430594,,Refseq end,,
ZNF548,+,57389850,57402992,0,57403497,505,,57403497,Refseq end,,
CCNG1,+,163437569,163446151,0,163448199,2048,,163448199,Refseq end,,
NACA,-,56712428,56731628,56712427,0,1,56712427,,Refseq end,,
SLC7A5,-,87830023,87869507,87830022,0,1,87830022,,Refseq end,,
TCAF2,+,143620952,143730409,0,143730410,1,,143730410,Refseq end,,
UGT8,+,114598770,114678225,0,114687914,9689,,114687914,Refseq end,,
FAM153B,+,176060689,176116015,0,176127142,11127,,176127142,Refseq end,,
GTPBP6,-,304529,318819,303352,0,1177,303352,,Refseq end,,
MASTL,+,27154824,27186924,0,27187953,1029,,27187953,Refseq end,,
PTCRA,+,42915989,42925835,0,42925838,3,,42925838,Refseq end,,
UHRF2,+,6413151,6507054,0,6507056,2,,6507056,Refseq end,,
ZMYM1,+,35032172,35115859,0,35116458,599,,35116458,Refseq end,,
COA4,-,73872667,73876901,73870258,0,2409,73870258,,Refseq end,,
SELENOS,-,101270817,101277500,101270809,0,8,101270809,,Refseq end,,
SIPA1,+,65638101,65650918,0,65650930,12,,65650930,Refseq end,,
TMEM161B,-,88189633,88269476,88179300,0,10333,88179300,,Refseq end,,
ZDHHC5,+,57667747,57701182,0,57701187,5,,57701187,Refseq end,,
ZFP36L1,-,68787660,68796253,68787655,0,5,68787655,,Refseq end,,
ABCB1,-,87503633,87713323,87503017,0,616,87503017,,Refseq end,,
RNF44,-,176526712,176538025,176526704,0,8,176526704,,Refseq end,,
WHRN,-,114402080,114505473,114402078,0,2,114402078,,Refseq end,,
DCAF4,+,72926377,72959703,0,72962098,2395,,72962098,Refseq end,,
HP1BP3,-,20742679,20787323,20740266,0,2413,20740266,,Refseq end,,
TMEM181,+,158536436,158635428,0,158635433,5,,158635433,Refseq end,,
TMEM43,+,14124940,14143679,0,14143680,1,,14143680,Refseq end,,
PPIAL4C,+,149583865,149584464,0,149584607,143,,149584607,Refseq end,,
CLEC4C,-,7729415,7751605,7729245,0,170,7729245,,Refseq end,,
ZNF79,+,127424374,127445372,0,127446289,917,,127446289,Refseq end,,
ACTN1,-,68874143,68979440,68874123,0,20,68874123,,Refseq end,,
ATP2C2,+,84368527,84464187,0,84465777,1590,,84465777,Refseq end,,
CALHM6,+,116461370,116463771,0,116463782,11,,116463782,Refseq end,,
CCDC134,+,41800679,41826299,0,41832164,5865,,41832164,Refseq end,,
JMY,+,79236131,79327211,0,79327215,4,,79327215,Refseq end,,
PJA2,-,109334713,109409974,109334709,0,4,109334709,,Refseq end,,
STMN1,-,25884181,25906991,25884179,0,2,25884179,,Refseq end,,
PPP4R3A,-,91457611,91510554,91457508,0,103,91457508,,Refseq end,,
TRAF2,+,136881912,136926607,0,136926615,8,,136926615,Refseq end,,
MAP3K11,-,65597756,65615382,65597755,0,1,65597755,,Refseq end,,
MT1G,-,56666731,56668065,56666730,0,1,56666730,,Refseq end,,
VEGFB,+,64234538,64238793,0,64239264,471,,64239264,Refseq end,,
BTN3A1,+,26402237,26415208,0,26415216,8,,26415216,Refseq end,,
NFYC-AS1,-,40690380,40692066,40689080,0,1300,40689080,,Refseq end,,
STK38,-,36493892,36547479,36493889,0,3,36493889,,Refseq end,,
TRANK1,-,36826820,36945098,36826817,0,3,36826817,,Refseq end,,
SETD7,-,139495941,139606699,139492974,0,2967,139492974,,Refseq end,,
UBE2Q1-AS1,+,154553609,154555017,0,154555028,11,,154555028,Refseq end,,
BST1,+,15703065,15738313,0,15774178,35865,,15774178,"Refseq end, Pool lab confirmed",,
L3MBTL1,+,43489442,43550950,0,43550954,4,,43550954,Refseq end,,
PDE3B,+,14643804,14872044,0,14874139,2095,,14874139,Refseq end,,
PROSER3,+,35758143,35771028,0,35771166,138,,35771166,Refseq end,,
ZNF460-AS1,-,57267211,57280334,57267193,0,18,57267193,,Refseq end,,
GRIFIN,-,2474844,2476894,2474728,0,116,2474728,,Refseq end,,
TNIP1,-,151029945,151093577,151029943,0,2,151029943,,Refseq end,,
KHSRP,-,6413348,6424794,6413102,0,246,6413102,,Refseq end,,
LINC02255,+,74379083,74390535,0,74394756,4221,,74394756,Refseq end,,
MAN2A2,+,90902218,90922584,0,90922585,1,,90922585,Refseq end,,
ANKRD11,-,89267630,89490561,89267619,0,11,89267619,,Refseq end,,
CORT,+,10449719,10451902,0,10451998,96,,10451998,Refseq end,,
FAM3C,-,121348878,121396364,121348851,0,27,121348851,,Refseq end,,
TICAM2,-,115578650,115602479,115578496,0,154,115578496,,Refseq end,,
LINC02608,-,212225278,212238977,212213002,0,12276,212213002,,Refseq end,,
N4BP3,+,178113532,178126081,0,178127034,953,,178127034,Refseq end,,
RPL13,+,89560657,89566828,0,89566829,1,,89566829,Refseq end,,
RSPH3,-,158972871,159000187,158947012,0,25859,158947012,,"Refseq end, Pool lab confirmed",,
TMEM156,-,38966744,39032922,38966009,0,735,38966009,,Refseq end,,
EPHX2,+,27490781,27545564,0,27597559,51995,,27597559,"Refseq end, Pool lab confirmed",,
GALNT11,+,152025674,152122340,0,152122345,5,,152122345,Refseq end,,
SERTAD3,-,40440844,40444335,40440843,0,1,40440843,,Refseq end,,
SLC4A2,+,151057210,151076526,0,151076527,1,,151076527,Refseq end,,
YAE1,+,39566385,39610320,0,39612089,1769,,39612089,Refseq end,,
MCEMP1,+,7676628,7679826,0,7679829,3,,7679829,Refseq end,,
PEX19,-,160276812,160286348,160276807,0,5,160276807,,Refseq end,,
PIN1,+,9835257,9849682,0,9849689,7,,9849689,Refseq end,,
PTBP3,-,112217716,112333667,112217715,0,1,112217715,,Refseq end,,
TMCO1,-,165724293,165827755,165724291,0,2,165724291,,Refseq end,,
TNK1,+,7380534,7389774,0,7389964,190,,7389964,Refseq end,,
SUZ12,+,31937007,32001038,0,32001040,2,,32001040,Refseq end,,
TK1,-,78174091,78187233,78174079,0,12,78174079,,Refseq end,,
HEATR6,-,60043194,60078931,60041008,0,2186,60041008,,Refseq end,,
NT5C3A,-,33014114,33062797,33014113,0,1,33014113,,Refseq end,,
RCCD1,+,90954870,90963125,0,90964858,1733,,90964858,Refseq end,,
MICU3,+,17027238,17122642,0,17133069,10427,,17133069,Refseq end,,
NAALAD2,+,90131515,90192894,0,90193577,683,,90193577,Refseq end,,
BTAF1,+,91923770,92030325,0,92031437,1112,,92031437,Refseq end,,
CRYAA,+,43169008,43172805,0,43172810,5,,43172810,Refseq end,,
PRKAG3,-,218822383,218832086,218819949,0,2434,218819949,,Refseq end,,
AC003681.1,,29978950,30028236,,,,,30008742,,,
ZNF117,,64971772,65006684,,,,64971772,,,,
ZNF578,,52453553,52516882,,,,,52516882,,,
CCR8,,39329709,39333680,,,,,39334210,,,
CXCR5,,118883892,118897787,,,,,118906240,,,
,,,,,,,,,,,
,,,,,,,,,,,
,,,,,,,,,,,
,,,,,,,,,,,
,,,,,,,,,,,
,,,,,,,,,,,
,,,,,,,,,,,
,,,,,,,,,,,
,,,,,,,,,,,
,,,,,,,,,,,
,,,,,,,,,,,
,,,,,,,,,,,
,,,,,,,,,,,
,,,,,,,,,,,
,,,,,,,,,,,
,,,,,,,,,,,
,,,,,,,,,,,
,,,,,,,,,,,
,,,,,,,,,,,
,,,,,,,,,,,
,,,,,,,,,,,
,,,,,,,,,,,
,,,,,,,,,,,
,,,,,,,,,,,
,,,,,,,,,,,
,,,,,,,,,,,
,,,,,,,,,,,
,,,,,,,,,,,
,,,,,,,,,,,
,,,,,,,,,,,
,,,,,,,,,,,
,,,,,,,,,,,
,,,,,,,,,,,
,,,,,,,,,,,
,,,,,,,,,,,
,,,,,,,,,,,
,,,,,,,,,,,
,,,,,,,,,,,
,,,,,,,,,,,
,,,,,,,,,,,
,,,,,,,,,,,
,,,,,,,,,,,
,,,,,,,,,,,
,,,,,,,,,,,
,,,,,,,,,,,
,,,,,,,,,,,
,,,,,,,,,,,
,,,,,,,,,,,
,,,,,,,,,,,
,,,,,,,,,,,
,,,,,,,,,,,
,,,,,,,,,,,
,,,,,,,,,,,
,,,,,,,,,,,
,,,,,,,,,,,
,,,,,,,,,,,
,,,,,,,,,,,
,,,,,,,,,,,
,,,,,,,,,,,
,,,,,,,,,,,
,,,,,,,,,,,
,,,,,,,,,,,
,,,,,,,,,,,
,,,,,,,,,,,
,,,,,,,,,,,
,,,,,,,,,,,
,,,,,,,,,,,
,,,,,,,,,,,
,,,,,,,,,,,
,,,,,,,,,,,
,,,,,,,,,,,
,,,,,,,,,,,
,,,,,,,,,,,
,,,,,,,,,,,
,,,,,,,,,,,
,,,,,,,,,,,
,,,,,,,,,,,
,,,,,,,,,,,
,,,,,,,,,,,
,,,,,,,,,,,
,,,,,,,,,,,
,,,,,,,,,,,
,,,,,,,,,,,
,,,,,,,,,,,
,,,,,,,,,,,
,,,,,,,,,,,
,,,,,,,,,,,
,,,,,,,,,,,
,,,,,,,,,,,
,,,,,,,,,,,
,,,,,,,,,,,
,,,,,,,,,,,
,,,,,,,,,,,
,,,,,,,,,,,
,,,,,,,,,,,
,,,,,,,,,,,
,,,,,,,,,,,
,,,,,,,,,,,
,,,,,,,,,,,
,,,,,,,,,,,
,,,,,,,,,,,
,,,,,,,,,,,
,,,,,,,,,,,
,,,,,,,,,,,
,,,,,,,,,,,
,,,,,,,,,,,
,,,,,,,,,,,
,,,,,,,,,,,
,,,,,,,,,,,
,,,,,,,,,,,
,,,,,,,,,,,
,,,,,,,,,,,
,,,,,,,,,,,
,,,,,,,,,,,
,,,,,,,,,,,
,,,,,,,,,,,
,,,,,,,,,,,
,,,,,,,,,,,
,,,,,,,,,,,
,,,,,,,,,,,
,,,,,,,,,,,
,,,,,,,,,,,
,,,,,,,,,,,
,,,,,,,,,,,
,,,,,,,,,,,
,,,,,,,,,,,
,,,,,,,,,,,
,,,,,,,,,,,
,,,,,,,,,,,
,,,,,,,,,,,
,,,,,,,,,,,
,,,,,,,,,,,
,,,,,,,,,,,
,,,,,,,,,,,
,,,,,,,,,,,
,,,,,,,,,,,
,,,,,,,,,,,
,,,,,,,,,,,
,,,,,,,,,,,
,,,,,,,,,,,
,,,,,,,,,,,
,,,,,,,,,,,
,,,,,,,,,,,
,,,,,,,,,,,
,,,,,,,,,,,
,,,,,,,,,,,
,,,,,,,,,,,
,,,,,,,,,,,
,,,,,,,,,,,
,,,,,,,,,,,
,,,,,,,,,,,
,,,,,,,,,,,
,,,,,,,,,,,
,,,,,,,,,,,
,,,,,,,,,,,
,,,,,,,,,,,
,,,,,,,,,,,
,,,,,,,,,,,
,,,,,,,,,,,
,,,,,,,,,,,
,,,,,,,,,,,
,,,,,,,,,,,
,,,,,,,,,,,
,,,,,,,,,,,
,,,,,,,,,,,
,,,,,,,,,,,
,,,,,,,,,,,
,,,,,,,,,,,
,,,,,,,,,,,
,,,,,,,,,,,
,,,,,,,,,,,
,,,,,,,,,,,
,,,,,,,,,,,
,,,,,,,,,,,
,,,,,,,,,,,
,,,,,,,,,,,
,,,,,,,,,,,
,,,,,,,,,,,
,,,,,,,,,,,
,,,,,,,,,,,
,,,,,,,,,,,
,,,,,,,,,,,
,,,,,,,,,,,
,,,,,,,,,,,
,,,,,,,,,,,
,,,,,,,,,,,
,,,,,,,,,,,
,,,,,,,,,,,
,,,,,,,,,,,
,,,,,,,,,,,
,,,,,,,,,,,
,,,,,,,,,,,
,,,,,,,,,,,
,,,,,,,,,,,
,,,,,,,,,,,
,,,,,,,,,,,
,,,,,,,,,,,
,,,,,,,,,,,
,,,,,,,,,,,
,,,,,,,,,,,
,,,,,,,,,,,
,,,,,,,,,,,
,,,,,,,,,,,
,,,,,,,,,,,
,,,,,,,,,,,
,,,,,,,,,,,
,,,,,,,,,,,
,,,,,,,,,,,
,,,,,,,,,,,
,,,,,,,,,,,
,,,,,,,,,,,
,,,,,,,,,,,
,,,,,,,,,,,
,,,,,,,,,,,
,,,,,,,,,,,
,,,,,,,,,,,
,,,,,,,,,,,
,,,,,,,,,,,
,,,,,,,,,,,
,,,,,,,,,,,
,,,,,,,,,,,
,,,,,,,,,,,
,,,,,,,,,,,
,,,,,,,,,,,
,,,,,,,,,,,
,,,,,,,,,,,
,,,,,,,,,,,
,,,,,,,,,,,
,,,,,,,,,,,
,,,,,,,,,,,
,,,,,,,,,,,
,,,,,,,,,,,
,,,,,,,,,,,
,,,,,,,,,,,
,,,,,,,,,,,
,,,,,,,,,,,
,,,,,,,,,,,
,,,,,,,,,,,
,,,,,,,,,,,
,,,,,,,,,,,
,,,,,,,,,,,
,,,,,,,,,,,
,,,,,,,,,,,
,,,,,,,,,,,
,,,,,,,,,,,
,,,,,,,,,,,
,,,,,,,,,,,
,,,,,,,,,,,
,,,,,,,,,,,
,,,,,,,,,,,
,,,,,,,,,,,
,,,,,,,,,,,
,,,,,,,,,,,
,,,,,,,,,,,
,,,,,,,,,,,
,,,,,,,,,,,
,,,,,,,,,,,
,,,,,,,,,,,
,,,,,,,,,,,
,,,,,,,,,,,
,,,,,,,,,,,
,,,,,,,,,,,
,,,,,,,,,,,
,,,,,,,,,,,
,,,,,,,,,,,
,,,,,,,,,,,
,,,,,,,,,,,
,,,,,,,,,,,
,,,,,,,,,,,
,,,,,,,,,,,
,,,,,,,,,,,
,,,,,,,,,,,
,,,,,,,,,,,
,,,,,,,,,,,
,,,,,,,,,,,
,,,,,,,,,,,
,,,,,,,,,,,
,,,,,,,,,,,
,,,,,,,,,,,
,,,,,,,,,,,
,,,,,,,,,,,
,,,,,,,,,,,
,,,,,,,,,,,
,,,,,,,,,,,
,,,,,,,,,,,
,,,,,,,,,,,
,,,,,,,,,,,
,,,,,,,,,,,
,,,,,,,,,,,
,,,,,,,,,,,
,,,,,,,,,,,
,,,,,,,,,,,
,,,,,,,,,,,
,,,,,,,,,,,
,,,,,,,,,,,
,,,,,,,,,,,
,,,,,,,,,,,
,,,,,,,,,,,
,,,,,,,,,,,
,,,,,,,,,,,
,,,,,,,,,,,
,,,,,,,,,,,
,,,,,,,,,,,
,,,,,,,,,,,
,,,,,,,,,,,
,,,,,,,,,,,
,,,,,,,,,,,
,,,,,,,,,,,
,,,,,,,,,,,
,,,,,,,,,,,
,,,,,,,,,,,
,,,,,,,,,,,
,,,,,,,,,,,
,,,,,,,,,,,
,,,,,,,,,,,
,,,,,,,,,,,
,,,,,,,,,,,
,,,,,,,,,,,
,,,,,,,,,,,
,,,,,,,,,,,
,,,,,,,,,,,
,,,,,,,,,,,
,,,,,,,,,,,
,,,,,,,,,,,
,,,,,,,,,,,
,,,,,,,,,,,
,,,,,,,,,,,
,,,,,,,,,,,
,,,,,,,,,,,
,,,,,,,,,,,
,,,,,,,,,,,
,,,,,,,,,,,
,,,,,,,,,,,
,,,,,,,,,,,
,,,,,,,,,,,
,,,,,,,,,,,
,,,,,,,,,,,
,,,,,,,,,,,
,,,,,,,,,,,
,,,,,,,,,,,
,,,,,,,,,,,
,,,,,,,,,,,
,,,,,,,,,,,
,,,,,,,,,,,
,,,,,,,,,,,
,,,,,,,,,,,
,,,,,,,,,,,
,,,,,,,,,,,
,,,,,,,,,,,
,,,,,,,,,,,
,,,,,,,,,,,
,,,,,,,,,,,
,,,,,,,,,,,
,,,,,,,,,,,
,,,,,,,,,,,
,,,,,,,,,,,
,,,,,,,,,,,
,,,,,,,,,,,
,,,,,,,,,,,
,,,,,,,,,,,
,,,,,,,,,,,
,,,,,,,,,,,
,,,,,,,,,,,
,,,,,,,,,,,
,,,,,,,,,,,
,,,,,,,,,,,
,,,,,,,,,,,
,,,,,,,,,,,
,,,,,,,,,,,
,,,,,,,,,,,
,,,,,,,,,,,
,,,,,,,,,,,
,,,,,,,,,,,
,,,,,,,,,,,
,,,,,,,,,,,
,,,,,,,,,,,
,,,,,,,,,,,
,,,,,,,,,,,
,,,,,,,,,,,
,,,,,,,,,,,
,,,,,,,,,,,
,,,,,,,,,,,
,,,,,,,,,,,
,,,,,,,,,,,
,,,,,,,,,,,
,,,,,,,,,,,
,,,,,,,,,,,
,,,,,,,,,,,
,,,,,,,,,,,
,,,,,,,,,,,
,,,,,,,,,,,
,,,,,,,,,,,
,,,,,,,,,,,
,,,,,,,,,,,
,,,,,,,,,,,
,,,,,,,,,,,
,,,,,,,,,,,
,,,,,,,,,,,
,,,,,,,,,,,
,,,,,,,,,,,
,,,,,,,,,,,
,,,,,,,,,,,
,,,,,,,,,,,
,,,,,,,,,,,
,,,,,,,,,,,
,,,,,,,,,,,
,,,,,,,,,,,
,,,,,,,,,,,
,,,,,,,,,,,
,,,,,,,,,,,
,,,,,,,,,,,
,,,,,,,,,,,
,,,,,,,,,,,
,,,,,,,,,,,
,,,,,,,,,,,
,,,,,,,,,,,
,,,,,,,,,,,
,,,,,,,,,,,
,,,,,,,,,,,
,,,,,,,,,,,
,,,,,,,,,,,
,,,,,,,,,,,
,,,,,,,,,,,
,,,,,,,,,,,
,,,,,,,,,,,
,,,,,,,,,,,
,,,,,,,,,,,
,,,,,,,,,,,
,,,,,,,,,,,
,,,,,,,,,,,
,,,,,,,,,,,
,,,,,,,,,,,
,,,,,,,,,,,
,,,,,,,,,,,
,,,,,,,,,,,
,,,,,,,,,,,
,,,,,,,,,,,
,,,,,,,,,,,
,,,,,,,,,,,
,,,,,,,,,,,
,,,,,,,,,,,
,,,,,,,,,,,
,,,,,,,,,,,
,,,,,,,,,,,
,,,,,,,,,,,
,,,,,,,,,,,
,,,,,,,,,,,
,,,,,,,,,,,
,,,,,,,,,,,
,,,,,,,,,,,
,,,,,,,,,,,
,,,,,,,,,,,
,,,,,,,,,,,
,,,,,,,,,,,
,,,,,,,,,,,
,,,,,,,,,,,
,,,,,,,,,,,
,,,,,,,,,,,
,,,,,,,,,,,
,,,,,,,,,,,
,,,,,,,,,,,
,,,,,,,,,,,
,,,,,,,,,,,
,,,,,,,,,,,
,,,,,,,,,,,
,,,,,,,,,,,
,,,,,,,,,,,
,,,,,,,,,,,
,,,,,,,,,,,
,,,,,,,,,,,
,,,,,,,,,,,
,,,,,,,,,,,
,,,,,,,,,,,
,,,,,,,,,,,
,,,,,,,,,,,
,,,,,,,,,,,
,,,,,,,,,,,
,,,,,,,,,,,
,,,,,,,,,,,
,,,,,,,,,,,
,,,,,,,,,,,
,,,,,,,,,,,
,,,,,,,,,,,
,,,,,,,,,,,
,,,,,,,,,,,
,,,,,,,,,,,
,,,,,,,,,,,
,,,,,,,,,,,
,,,,,,,,,,,
,,,,,,,,,,,
,,,,,,,,,,,
,,,,,,,,,,,
,,,,,,,,,,,
,,,,,,,,,,,
,,,,,,,,,,,
,,,,,,,,,,,
,,,,,,,,,,,
,,,,,,,,,,,
,,,,,,,,,,,
,,,,,,,,,,,
,,,,,,,,,,,
,,,,,,,,,,,
,,,,,,,,,,,
,,,,,,,,,,,
,,,,,,,,,,,
,,,,,,,,,,,
,,,,,,,,,,,
,,,,,,,,,,,
,,,,,,,,,,,
,,,,,,,,,,,
,,,,,,,,,,,
,,,,,,,,,,,
,,,,,,,,,,,
,,,,,,,,,,,
,,,,,,,,,,,
,,,,,,,,,,,
,,,,,,,,,,,
,,,,,,,,,,,
,,,,,,,,,,,
,,,,,,,,,,,
,,,,,,,,,,,
,,,,,,,,,,,
,,,,,,,,,,,
,,,,,,,,,,,
,,,,,,,,,,,
,,,,,,,,,,,
,,,,,,,,,,,
,,,,,,,,,,,
,,,,,,,,,,,
,,,,,,,,,,,
,,,,,,,,,,,
,,,,,,,,,,,
,,,,,,,,,,,
,,,,,,,,,,,
,,,,,,,,,,,
,,,,,,,,,,,
,,,,,,,,,,,
,,,,,,,,,,,
,,,,,,,,,,,
,,,,,,,,,,,
,,,,,,,,,,,
,,,,,,,,,,,
,,,,,,,,,,,
,,,,,,,,,,,
,,,,,,,,,,,
,,,,,,,,,,,
,,,,,,,,,,,
,,,,,,,,,,,
,,,,,,,,,,,
,,,,,,,,,,,
,,,,,,,,,,,
,,,,,,,,,,,
,,,,,,,,,,,
,,,,,,,,,,,
,,,,,,,,,,,
,,,,,,,,,,,
,,,,,,,,,,,
,,,,,,,,,,,
,,,,,,,,,,,
,,,,,,,,,,,
,,,,,,,,,,,
,,,,,,,,,,,
,,,,,,,,,,,
,,,,,,,,,,,
,,,,,,,,,,,
,,,,,,,,,,,
,,,,,,,,,,,
,,,,,,,,,,,
,,,,,,,,,,,
,,,,,,,,,,,
,,,,,,,,,,,
,,,,,,,,,,,
,,,,,,,,,,,
,,,,,,,,,,,
,,,,,,,,,,,
,,,,,,,,,,,
,,,,,,,,,,,
,,,,,,,,,,,
,,,,,,,,,,,
,,,,,,,,,,,
,,,,,,,,,,,
,,,,,,,,,,,
,,,,,,,,,,,
,,,,,,,,,,,
,,,,,,,,,,,
,,,,,,,,,,,
,,,,,,,,,,,
,,,,,,,,,,,
,,,,,,,,,,,
,,,,,,,,,,,
,,,,,,,,,,,
,,,,,,,,,,,
,,,,,,,,,,,
,,,,,,,,,,,
,,,,,,,,,,,
,,,,,,,,,,,
,,,,,,,,,,,
,,,,,,,,,,,
,,,,,,,,,,,
,,,,,,,,,,,
,,,,,,,,,,,
,,,,,,,,,,,
,,,,,,,,,,,
,,,,,,,,,,,
,,,,,,,,,,,
,,,,,,,,,,,
,,,,,,,,,,,
,,,,,,,,,,,
,,,,,,,,,,,
,,,,,,,,,,,
,,,,,,,,,,,
,,,,,,,,,,,
,,,,,,,,,,,
,,,,,,,,,,,
,,,,,,,,,,,
,,,,,,,,,,,
,,,,,,,,,,,
,,,,,,,,,,,
,,,,,,,,,,,
,,,,,,,,,,,
,,,,,,,,,,,
,,,,,,,,,,,
,,,,,,,,,,,
,,,,,,,,,,,
,,,,,,,,,,,
,,,,,,,,,,,
,,,,,,,,,,,
,,,,,,,,,,,
,,,,,,,,,,,
,,,,,,,,,,,
,,,,,,,,,,,
,,,,,,,,,,,
,,,,,,,,,,,
,,,,,,,,,,,
,,,,,,,,,,,
,,,,,,,,,,,
,,,,,,,,,,,
,,,,,,,,,,,
,,,,,,,,,,,
,,,,,,,,,,,
,,,,,,,,,,,
,,,,,,,,,,,
,,,,,,,,,,,
,,,,,,,,,,,
,,,,,,,,,,,
,,,,,,,,,,,
,,,,,,,,,,,
,,,,,,,,,,,
,,,,,,,,,,,
,,,,,,,,,,,
,,,,,,,,,,,
,,,,,,,,,,,
,,,,,,,,,,,
,,,,,,,,,,,
,,,,,,,,,,,
,,,,,,,,,,,
,,,,,,,,,,,
,,,,,,,,,,,
,,,,,,,,,,,
,,,,,,,,,,,
,,,,,,,,,,,
,,,,,,,,,,,
,,,,,,,,,,,
,,,,,,,,,,,
,,,,,,,,,,,
,,,,,,,,,,,
,,,,,,,,,,,
,,,,,,,,,,,
,,,,,,,,,,,
,,,,,,,,,,,
,,,,,,,,,,,
,,,,,,,,,,,
,,,,,,,,,,,
,,,,,,,,,,,
,,,,,,,,,,,
,,,,,,,,,,,
,,,,,,,,,,,
,,,,,,,,,,,
,,,,,,,,,,,
,,,,,,,,,,,
,,,,,,,,,,,
,,,,,,,,,,,
,,,,,,,,,,,
,,,,,,,,,,,
,,,,,,,,,,,
,,,,,,,,,,,
,,,,,,,,,,,
,,,,,,,,,,,
,,,,,,,,,,,
,,,,,,,,,,,
,,,,,,,,,,,
,,,,,,,,,,,
,,,,,,,,,,,
,,,,,,,,,,,
,,,,,,,,,,,
,,,,,,,,,,,
,,,,,,,,,,,
,,,,,,,,,,,
,,,,,,,,,,,
,,,,,,,,,,,
,,,,,,,,,,,
,,,,,,,,,,,
,,,,,,,,,,,
,,,,,,,,,,,
,,,,,,,,,,,
,,,,,,,,,,,
,,,,,,,,,,,
,,,,,,,,,,,
,,,,,,,,,,,
,,,,,,,,,,,
,,,,,,,,,,,
,,,,,,,,,,,
,,,,,,,,,,,
,,,,,,,,,,,
,,,,,,,,,,,
,,,,,,,,,,,
,,,,,,,,,,,
,,,,,,,,,,,
,,,,,,,,,,,
,,,,,,,,,,,
,,,,,,,,,,,
,,,,,,,,,,,
,,,,,,,,,,,
,,,,,,,,,,,
,,,,,,,,,,,
,,,,,,,,,,,
,,,,,,,,,,,
,,,,,,,,,,,
,,,,,,,,,,,
,,,,,,,,,,,
,,,,,,,,,,,
,,,,,,,,,,,
,,,,,,,,,,,
,,,,,,,,,,,
,,,,,,,,,,,
,,,,,,,,,,,
,,,,,,,,,,,
,,,,,,,,,,,
,,,,,,,,,,,
,,,,,,,,,,,
,,,,,,,,,,,
,,,,,,,,,,,
,,,,,,,,,,,
,,,,,,,,,,,
,,,,,,,,,,,
,,,,,,,,,,,
,,,,,,,,,,,
,,,,,,,,,,,
,,,,,,,,,,,
,,,,,,,,,,,
,,,,,,,,,,,
,,,,,,,,,,,
,,,,,,,,,,,
,,,,,,,,,,,
,,,,,,,,,,,
,,,,,,,,,,,
,,,,,,,,,,,
,,,,,,,,,,,
,,,,,,,,,,,
,,,,,,,,,,,
,,,,,,,,,,,
,,,,,,,,,,,
,,,,,,,,,,,
,,,,,,,,,,,
,,,,,,,,,,,
,,,,,,,,,,,
,,,,,,,,,,,
,,,,,,,,,,,
,,,,,,,,,,,
,,,,,,,,,,,
,,,,,,,,,,,
,,,,,,,,,,,
,,,,,,,,,,,
,,,,,,,,,,,
,,,,,,,,,,,
,,,,,,,,,,,
,,,,,,,,,,,
,,,,,,,,,,,
,,,,,,,,,,,
,,,,,,,,,,,
,,,,,,,,,,,
,,,,,,,,,,,
,,,,,,,,,,,
,,,,,,,,,,,
,,,,,,,,,,,
,,,,,,,,,,,
,,,,,,,,,,,
,,,,,,,,,,,
,,,,,,,,,,,
,,,,,,,,,,,
,,,,,,,,,,,
,,,,,,,,,,,
,,,,,,,,,,,
,,,,,,,,,,,
,,,,,,,,,,,
,,,,,,,,,,,
,,,,,,,,,,,
,,,,,,,,,,,
,,,,,,,,,,,
,,,,,,,,,,,
,,,,,,,,,,,
,,,,,,,,,,,
,,,,,,,,,,,
,,,,,,,,,,,
,,,,,,,,,,,
,,,,,,,,,,,
,,,,,,,,,,,
,,,,,,,,,,,
,,,,,,,,,,,
,,,,,,,,,,,
,,,,,,,,,,,
,,,,,,,,,,,
,,,,,,,,,,,
,,,,,,,,,,,
,,,,,,,,,,,
,,,,,,,,,,,
,,,,,,,,,,,
,,,,,,,,,,,
,,,,,,,,,,,
,,,,,,,,,,,
,,,,,,,,,,,
,,,,,,,,,,,
,,,,,,,,,,,
,,,,,,,,,,,
,,,,,,,,,,,
,,,,,,,,,,,
,,,,,,,,,,,
,,,,,,,,,,,
,,,,,,,,,,,
,,,,,,,,,,,
,,,,,,,,,,,
,,,,,,,,,,,
,,,,,,,,,,,
,,,,,,,,,,,
,,,,,,,,,,,
,,,,,,,,,,,
,,,,,,,,,,,
,,,,,,,,,,,
,,,,,,,,,,,
,,,,,,,,,,,
,,,,,,,,,,,
,,,,,,,,,,,
,,,,,,,,,,,
,,,,,,,,,,,
,,,,,,,,,,,
,,,,,,,,,,,
,,,,,,,,,,,
,,,,,,,,,,,
,,,,,,,,,,,
,,,,,,,,,,,
,,,,,,,,,,,
,,,,,,,,,,,
,,,,,,,,,,,
,,,,,,,,,,,
,,,,,,,,,,,
,,,,,,,,,,,
,,,,,,,,,,,
,,,,,,,,,,,
,,,,,,,,,,,
,,,,,,,,,,,
,,,,,,,,,,,
,,,,,,,,,,,
,,,,,,,,,,,
,,,,,,,,,,,
,,,,,,,,,,,
,,,,,,,,,,,
,,,,,,,,,,,
,,,,,,,,,,,
,,,,,,,,,,,
,,,,,,,,,,,
,,,,,,,,,,,
,,,,,,,,,,,
,,,,,,,,,,,
,,,,,,,,,,,
,,,,,,,,,,,
,,,,,,,,,,,
,,,,,,,,,,,
,,,,,,,,,,,
,,,,,,,,,,,
,,,,,,,,,,,
,,,,,,,,,,,
,,,,,,,,,,,
,,,,,,,,,,,
,,,,,,,,,,,
,,,,,,,,,,,
,,,,,,,,,,,
,,,,,,,,,,,
,,,,,,,,,,,
,,,,,,,,,,,
,,,,,,,,,,,
,,,,,,,,,,,
,,,,,,,,,,,
,,,,,,,,,,,
,,,,,,,,,,,
,,,,,,,,,,,
,,,,,,,,,,,
,,,,,,,,,,,
,,,,,,,,,,,
,,,,,,,,,,,
,,,,,,,,,,,
,,,,,,,,,,,
,,,,,,,,,,,
,,,,,,,,,,,
,,,,,,,,,,,
,,,,,,,,,,,
,,,,,,,,,,,
,,,,,,,,,,,
,,,,,,,,,,,
,,,,,,,,,,,
,,,,,,,,,,,
,,,,,,,,,,,
,,,,,,,,,,,
,,,,,,,,,,,
,,,,,,,,,,,
,,,,,,,,,,,
,,,,,,,,,,,
,,,,,,,,,,,
,,,,,,,,,,,
,,,,,,,,,,,
,,,,,,,,,,,
,,,,,,,,,,,
,,,,,,,,,,,
,,,,,,,,,,,
,,,,,,,,,,,
,,,,,,,,,,,
,,,,,,,,,,,
,,,,,,,,,,,
,,,,,,,,,,,
,,,,,,,,,,,
,,,,,,,,,,,
,,,,,,,,,,,
,,,,,,,,,,,
,,,,,,,,,,,
,,,,,,,,,,,
,,,,,,,,,,,
,,,,,,,,,,,
,,,,,,,,,,,
,,,,,,,,,,,
,,,,,,,,,,,
,,,,,,,,,,,
,,,,,,,,,,,
,,,,,,,,,,,
,,,,,,,,,,,
,,,,,,,,,,,
,,,,,,,,,,,
,,,,,,,,,,,
,,,,,,,,,,,
,,,,,,,,,,,
,,,,,,,,,,,
,,,,,,,,,,,
,,,,,,,,,,,
,,,,,,,,,,,
,,,,,,,,,,,
,,,,,,,,,,,
,,,,,,,,,,,
,,,,,,,,,,,
,,,,,,,,,,,
,,,,,,,,,,,
,,,,,,,,,,,
,,,,,,,,,,,
,,,,,,,,,,,
,,,,,,,,,,,
,,,,,,,,,,,
,,,,,,,,,,,
,,,,,,,,,,,
,,,,,,,,,,,
,,,,,,,,,,,
,,,,,,,,,,,
,,,,,,,,,,,
,,,,,,,,,,,
,,,,,,,,,,,
,,,,,,,,,,,
,,,,,,,,,,,
,,,,,,,,,,,
,,,,,,,,,,,
,,,,,,,,,,,
,,,,,,,,,,,
,,,,,,,,,,,
,,,,,,,,,,,
,,,,,,,,,,,
,,,,,,,,,,,
,,,,,,,,,,,
,,,,,,,,,,,
,,,,,,,,,,,
,,,,,,,,,,,
,,,,,,,,,,,
,,,,,,,,,,,
,,,,,,,,,,,
,,,,,,,,,,,
,,,,,,,,,,,
,,,,,,,,,,,
,,,,,,,,,,,
,,,,,,,,,,,
,,,,,,,,,,,
,,,,,,,,,,,
,,,,,,,,,,,
,,,,,,,,,,,
,,,,,,,,,,,
,,,,,,,,,,,
,,,,,,,,,,,
,,,,,,,,,,,
,,,,,,,,,,,
,,,,,,,,,,,
,,,,,,,,,,,
,,,,,,,,,,,
,,,,,,,,,,,
,,,,,,,,,,,
,,,,,,,,,,,
,,,,,,,,,,,
,,,,,,,,,,,
,,,,,,,,,,,
,,,,,,,,,,,
,,,,,,,,,,,
,,,,,,,,,,,
,,,,,,,,,,,
,,,,,,,,,,,
,,,,,,,,,,,
,,,,,,,,,,,
,,,,,,,,,,,
,,,,,,,,,,,
,,,,,,,,,,,
,,,,,,,,,,,
,,,,,,,,,,,
,,,,,,,,,,,
,,,,,,,,,,,
,,,,,,,,,,,
,,,,,,,,,,,
,,,,,,,,,,,
,,,,,,,,,,,
,,,,,,,,,,,
,,,,,,,,,,,
,,,,,,,,,,,
,,,,,,,,,,,
,,,,,,,,,,,
,,,,,,,,,,,
,,,,,,,,,,,
,,,,,,,,,,,
,,,,,,,,,,,
,,,,,,,,,,,
,,,,,,,,,,,
,,,,,,,,,,,
,,,,,,,,,,,
,,,,,,,,,,,
,,,,,,,,,,,
,,,,,,,,,,,
,,,,,,,,,,,
,,,,,,,,,,,
,,,,,,,,,,,
,,,,,,,,,,,
,,,,,,,,,,,
,,,,,,,,,,,
,,,,,,,,,,,
,,,,,,,,,,,
,,,,,,,,,,,
,,,,,,,,,,,
,,,,,,,,,,,
,,,,,,,,,,,
,,,,,,,,,,,
,,,,,,,,,,,
,,,,,,,,,,,
,,,,,,,,,,,
,,,,,,,,,,,
,,,,,,,,,,,
,,,,,,,,,,,
,,,,,,,,,,,
,,,,,,,,,,,
,,,,,,,,,,,
,,,,,,,,,,,
,,,,,,,,,,,
,,,,,,,,,,,
,,,,,,,,,,,
,,,,,,,,,,,
,,,,,,,,,,,
,,,,,,,,,,,
,,,,,,,,,,,
,,,,,,,,,,,
,,,,,,,,,,,
,,,,,,,,,,,
,,,,,,,,,,,
,,,,,,,,,,,
,,,,,,,,,,,
,,,,,,,,,,,
,,,,,,,,,,,
,,,,,,,,,,,
,,,,,,,,,,,
,,,,,,,,,,,
,,,,,,,,,,,
,,,,,,,,,,,
,,,,,,,,,,,
,,,,,,,,,,,
,,,,,,,,,,,
,,,,,,,,,,,
,,,,,,,,,,,
,,,,,,,,,,,
,,,,,,,,,,,
,,,,,,,,,,,
,,,,,,,,,,,
,,,,,,,,,,,
,,,,,,,,,,,
,,,,,,,,,,,
,,,,,,,,,,,
,,,,,,,,,,,
,,,,,,,,,,,
,,,,,,,,,,,
,,,,,,,,,,,
,,,,,,,,,,,
,,,,,,,,,,,
,,,,,,,,,,,
,,,,,,,,,,,
,,,,,,,,,,,
,,,,,,,,,,,
,,,,,,,,,,,
,,,,,,,,,,,
,,,,,,,,,,,
,,,,,,,,,,,
,,,,,,,,,,,
,,,,,,,,,,,
,,,,,,,,,,,
,,,,,,,,,,,
,,,,,,,,,,,
,,,,,,,,,,,
,,,,,,,,,,,
,,,,,,,,,,,
,,,,,,,,,,,
,,,,,,,,,,,
,,,,,,,,,,,
,,,,,,,,,,,
,,,,,,,,,,,
,,,,,,,,,,,
,,,,,,,,,,,
,,,,,,,,,,,
,,,,,,,,,,,
,,,,,,,,,,,
,,,,,,,,,,,
,,,,,,,,,,,
,,,,,,,,,,,
,,,,,,,,,,,
,,,,,,,,,,,
,,,,,,,,,,,
,,,,,,,,,,,
,,,,,,,,,,,
,,,,,,,,,,,
,,,,,,,,,,,
,,,,,,,,,,,
,,,,,,,,,,,
,,,,,,,,,,,
,,,,,,,,,,,
,,,,,,,,,,,
,,,,,,,,,,,
,,,,,,,,,,,
,,,,,,,,,,,
,,,,,,,,,,,
,,,,,,,,,,,
,,,,,,,,,,,
,,,,,,,,,,,
,,,,,,,,,,,
,,,,,,,,,,,
,,,,,,,,,,,
,,,,,,,,,,,
,,,,,,,,,,,
,,,,,,,,,,,
,,,,,,,,,,,
,,,,,,,,,,,
,,,,,,,,,,,
,,,,,,,,,,,
,,,,,,,,,,,
,,,,,,,,,,,
,,,,,,,,,,,
,,,,,,,,,,,
,,,,,,,,,,,
,,,,,,,,,,,
,,,,,,,,,,,
,,,,,,,,,,,
,,,,,,,,,,,
,,,,,,,,,,,
,,,,,,,,,,,
,,,,,,,,,,,
,,,,,,,,,,,
,,,,,,,,,,,
,,,,,,,,,,,
,,,,,,,,,,,
,,,,,,,,,,,
,,,,,,,,,,,
,,,,,,,,,,,
,,,,,,,,,,,
,,,,,,,,,,,
,,,,,,,,,,,
,,,,,,,,,,,
,,,,,,,,,,,
,,,,,,,,,,,
,,,,,,,,,,,
,,,,,,,,,,,
,,,,,,,,,,,
,,,,,,,,,,,
,,,,,,,,,,,
,,,,,,,,,,,
,,,,,,,,,,,
,,,,,,,,,,,
,,,,,,,,,,,
,,,,,,,,,,,
,,,,,,,,,,,
,,,,,,,,,,,
,,,,,,,,,,,
,,,,,,,,,,,
,,,,,,,,,,,
,,,,,,,,,,,
,,,,,,,,,,,
,,,,,,,,,,,
,,,,,,,,,,,
,,,,,,,,,,,
,,,,,,,,,,,
,,,,,,,,,,,
,,,,,,,,,,,
,,,,,,,,,,,
,,,,,,,,,,,
,,,,,,,,,,,
,,,,,,,,,,,
,,,,,,,,,,,
,,,,,,,,,,,
,,,,,,,,,,,
,,,,,,,,,,,
,,,,,,,,,,,
,,,,,,,,,,,
,,,,,,,,,,,
,,,,,,,,,,,
,,,,,,,,,,,
,,,,,,,,,,,
,,,,,,,,,,,
,,,,,,,,,,,
,,,,,,,,,,,
,,,,,,,,,,,
,,,,,,,,,,,
,,,,,,,,,,,
,,,,,,,,,,,
,,,,,,,,,,,
,,,,,,,,,,,
,,,,,,,,,,,
,,,,,,,,,,,
,,,,,,,,,,,
,,,,,,,,,,,
,,,,,,,,,,,
,,,,,,,,,,,
,,,,,,,,,,,
,,,,,,,,,,,
,,,,,,,,,,,
,,,,,,,,,,,
,,,,,,,,,,,
,,,,,,,,,,,
,,,,,,,,,,,
,,,,,,,,,,,
,,,,,,,,,,,
,,,,,,,,,,,
,,,,,,,,,,,
,,,,,,,,,,,
,,,,,,,,,,,
,,,,,,,,,,,
,,,,,,,,,,,
,,,,,,,,,,,
,,,,,,,,,,,
,,,,,,,,,,,
,,,,,,,,,,,
,,,,,,,,,,,
,,,,,,,,,,,
,,,,,,,,,,,
,,,,,,,,,,,
,,,,,,,,,,,
,,,,,,,,,,,
,,,,,,,,,,,
,,,,,,,,,,,
,,,,,,,,,,,
,,,,,,,,,,,
,,,,,,,,,,,
,,,,,,,,,,,
,,,,,,,,,,,
,,,,,,,,,,,
,,,,,,,,,,,
,,,,,,,,,,,
,,,,,,,,,,,
,,,,,,,,,,,
,,,,,,,,,,,
,,,,,,,,,,,
,,,,,,,,,,,
,,,,,,,,,,,
,,,,,,,,,,,
,,,,,,,,,,,
,,,,,,,,,,,
,,,,,,,,,,,
,,,,,,,,,,,
,,,,,,,,,,,
,,,,,,,,,,,
,,,,,,,,,,,
,,,,,,,,,,,
,,,,,,,,,,,
,,,,,,,,,,,
,,,,,,,,,,,
,,,,,,,,,,,
,,,,,,,,,,,
,,,,,,,,,,,
,,,,,,,,,,,
,,,,,,,,,,,
,,,,,,,,,,,
,,,,,,,,,,,
,,,,,,,,,,,
,,,,,,,,,,,
,,,,,,,,,,,
,,,,,,,,,,,
,,,,,,,,,,,
,,,,,,,,,,,
,,,,,,,,,,,
,,,,,,,,,,,
,,,,,,,,,,,
,,,,,,,,,,,
,,,,,,,,,,,
,,,,,,,,,,,
,,,,,,,,,,,
,,,,,,,,,,,
,,,,,,,,,,,
,,,,,,,,,,,
,,,,,,,,,,,
,,,,,,,,,,,
,,,,,,,,,,,
,,,,,,,,,,,
,,,,,,,,,,,
,,,,,,,,,,,
,,,,,,,,,,,
,,,,,,,,,,,
,,,,,,,,,,,
,,,,,,,,,,,
,,,,,,,,,,,
,,,,,,,,,,,
,,,,,,,,,,,
,,,,,,,,,,,
,,,,,,,,,,,
,,,,,,,,,,,
,,,,,,,,,,,
,,,,,,,,,,,
,,,,,,,,,,,
,,,,,,,,,,,
,,,,,,,,,,,
,,,,,,,,,,,
,,,,,,,,,,,
,,,,,,,,,,,
,,,,,,,,,,,
,,,,,,,,,,,
,,,,,,,,,,,
,,,,,,,,,,,
,,,,,,,,,,,
,,,,,,,,,,,
,,,,,,,,,,,
,,,,,,,,,,,
,,,,,,,,,,,
,,,,,,,,,,,
,,,,,,,,,,,
,,,,,,,,,,,
,,,,,,,,,,,
,,,,,,,,,,,
,,,,,,,,,,,
,,,,,,,,,,,
,,,,,,,,,,,
,,,,,,,,,,,
,,,,,,,,,,,
,,,,,,,,,,,
,,,,,,,,,,,
,,,,,,,,,,,
,,,,,,,,,,,
,,,,,,,,,,,
,,,,,,,,,,,
,,,,,,,,,,,
,,,,,,,,,,,
,,,,,,,,,,,
,,,,,,,,,,,
,,,,,,,,,,,
,,,,,,,,,,,
,,,,,,,,,,,
,,,,,,,,,,,
,,,,,,,,,,,
,,,,,,,,,,,
,,,,,,,,,,,
,,,,,,,,,,,
,,,,,,,,,,,
,,,,,,,,,,,
,,,,,,,,,,,
,,,,,,,,,,,
,,,,,,,,,,,
,,,,,,,,,,,
,,,,,,,,,,,
,,,,,,,,,,,
,,,,,,,,,,,
,,,,,,,,,,,
,,,,,,,,,,,
,,,,,,,,,,,
,,,,,,,,,,,
,,,,,,,,,,,
,,,,,,,,,,,
,,,,,,,,,,,
,,,,,,,,,,,
,,,,,,,,,,,
,,,,,,,,,,,
,,,,,,,,,,,
,,,,,,,,,,,
,,,,,,,,,,,
,,,,,,,,,,,
,,,,,,,,,,,
,,,,,,,,,,,
,,,,,,,,,,,
,,,,,,,,,,,
,,,,,,,,,,,
,,,,,,,,,,,
,,,,,,,,,,,
,,,,,,,,,,,
,,,,,,,,,,,
,,,,,,,,,,,
,,,,,,,,,,,
,,,,,,,,,,,
,,,,,,,,,,,
,,,,,,,,,,,
,,,,,,,,,,,
,,,,,,,,,,,
,,,,,,,,,,,
,,,,,,,,,,,
,,,,,,,,,,,
,,,,,,,,,,,
,,,,,,,,,,,
,,,,,,,,,,,
,,,,,,,,,,,
,,,,,,,,,,,
,,,,,,,,,,,
,,,,,,,,,,,
,,,,,,,,,,,
,,,,,,,,,,,
,,,,,,,,,,,
,,,,,,,,,,,
,,,,,,,,,,,
,,,,,,,,,,,
,,,,,,,,,,,
,,,,,,,,,,,
,,,,,,,,,,,
,,,,,,,,,,,
,,,,,,,,,,,
,,,,,,,,,,,
,,,,,,,,,,,
,,,,,,,,,,,
,,,,,,,,,,,
,,,,,,,,,,,
,,,,,,,,,,,
,,,,,,,,,,,
,,,,,,,,,,,
,,,,,,,,,,,
,,,,,,,,,,,
,,,,,,,,,,,
,,,,,,,,,,,
,,,,,,,,,,,
,,,,,,,,,,,
,,,,,,,,,,,
,,,,,,,,,,,
,,,,,,,,,,,
,,,,,,,,,,,
,,,,,,,,,,,
,,,,,,,,,,,
,,,,,,,,,,,
,,,,,,,,,,,
,,,,,,,,,,,
,,,,,,,,,,,
,,,,,,,,,,,
,,,,,,,,,,,
,,,,,,,,,,,
,,,,,,,,,,,
,,,,,,,,,,,
,,,,,,,,,,,
,,,,,,,,,,,
,,,,,,,,,,,
,,,,,,,,,,,
,,,,,,,,,,,
,,,,,,,,,,,
,,,,,,,,,,,
,,,,,,,,,,,
,,,,,,,,,,,
,,,,,,,,,,,
,,,,,,,,,,,
,,,,,,,,,,,
,,,,,,,,,,,
,,,,,,,,,,,
,,,,,,,,,,,
,,,,,,,,,,,
,,,,,,,,,,,
,,,,,,,,,,,
,,,,,,,,,,,
,,,,,,,,,,,
,,,,,,,,,,,
,,,,,,,,,,,
,,,,,,,,,,,
,,,,,,,,,,,
,,,,,,,,,,,
,,,,,,,,,,,
,,,,,,,,,,,
,,,,,,,,,,,
,,,,,,,,,,,
,,,,,,,,,,,
,,,,,,,,,,,
,,,,,,,,,,,
,,,,,,,,,,,
,,,,,,,,,,,
,,,,,,,,,,,
,,,,,,,,,,,
,,,,,,,,,,,
,,,,,,,,,,,
,,,,,,,,,,,
,,,,,,,,,,,
,,,,,,,,,,,
,,,,,,,,,,,
,,,,,,,,,,,
,,,,,,,,,,,
,,,,,,,,,,,
,,,,,,,,,,,
,,,,,,,,,,,
,,,,,,,,,,,
,,,,,,,,,,,
,,,,,,,,,,,
,,,,,,,,,,,
,,,,,,,,,,,
,,,,,,,,,,,
,,,,,,,,,,,
,,,,,,,,,,,
,,,,,,,,,,,
,,,,,,,,,,,
,,,,,,,,,,,
,,,,,,,,,,,
,,,,,,,,,,,
,,,,,,,,,,,
,,,,,,,,,,,
,,,,,,,,,,,
,,,,,,,,,,,
,,,,,,,,,,,
,,,,,,,,,,,
,,,,,,,,,,,
,,,,,,,,,,,
,,,,,,,,,,,
,,,,,,,,,,,
,,,,,,,,,,,
,,,,,,,,,,,
,,,,,,,,,,,
,,,,,,,,,,,
,,,,,,,,,,,
,,,,,,,,,,,
,,,,,,,,,,,
,,,,,,,,,,,
,,,,,,,,,,,
,,,,,,,,,,,
,,,,,,,,,,,
,,,,,,,,,,,
,,,,,,,,,,,
,,,,,,,,,,,
,,,,,,,,,,,
,,,,,,,,,,,
,,,,,,,,,,,
,,,,,,,,,,,
,,,,,,,,,,,
,,,,,,,,,,,
,,,,,,,,,,,
,,,,,,,,,,,
,,,,,,,,,,,
,,,,,,,,,,,
,,,,,,,,,,,
,,,,,,,,,,,
,,,,,,,,,,,
,,,,,,,,,,,
,,,,,,,,,,,
,,,,,,,,,,,
,,,,,,,,,,,
,,,,,,,,,,,
,,,,,,,,,,,
,,,,,,,,,,,
,,,,,,,,,,,
,,,,,,,,,,,
,,,,,,,,,,,
,,,,,,,,,,,
,,,,,,,,,,,
,,,,,,,,,,,
,,,,,,,,,,,
,,,,,,,,,,,
,,,,,,,,,,,
,,,,,,,,,,,
,,,,,,,,,,,
,,,,,,,,,,,
,,,,,,,,,,,
,,,,,,,,,,,
,,,,,,,,,,,
,,,,,,,,,,,
,,,,,,,,,,,
,,,,,,,,,,,
,,,,,,,,,,,
,,,,,,,,,,,
,,,,,,,,,,,
,,,,,,,,,,,
,,,,,,,,,,,
,,,,,,,,,,,
,,,,,,,,,,,
,,,,,,,,,,,
,,,,,,,,,,,
,,,,,,,,,,,
,,,,,,,,,,,
,,,,,,,,,,,
,,,,,,,,,,,
,,,,,,,,,,,
,,,,,,,,,,,
,,,,,,,,,,,
,,,,,,,,,,,
,,,,,,,,,,,
,,,,,,,,,,,
,,,,,,,,,,,
,,,,,,,,,,,
,,,,,,,,,,,
,,,,,,,,,,,
,,,,,,,,,,,
,,,,,,,,,,,
,,,,,,,,,,,
,,,,,,,,,,,
,,,,,,,,,,,
,,,,,,,,,,,
,,,,,,,,,,,
,,,,,,,,,,,
,,,,,,,,,,,
,,,,,,,,,,,
,,,,,,,,,,,
,,,,,,,,,,,
,,,,,,,,,,,
,,,,,,,,,,,
,,,,,,,,,,,
,,,,,,,,,,,
,,,,,,,,,,,
,,,,,,,,,,,
,,,,,,,,,,,
,,,,,,,,,,,
,,,,,,,,,,,
,,,,,,,,,,,
,,,,,,,,,,,
,,,,,,,,,,,
,,,,,,,,,,,
,,,,,,,,,,,
,,,,,,,,,,,
,,,,,,,,,,,
,,,,,,,,,,,
,,,,,,,,,,,
,,,,,,,,,,,
,,,,,,,,,,,
,,,,,,,,,,,
,,,,,,,,,,,
,,,,,,,,,,,
,,,,,,,,,,,
,,,,,,,,,,,
,,,,,,,,,,,
,,,,,,,,,,,
,,,,,,,,,,,
,,,,,,,,,,,
,,,,,,,,,,,
,,,,,,,,,,,
,,,,,,,,,,,
,,,,,,,,,,,
,,,,,,,,,,,
,,,,,,,,,,,
,,,,,,,,,,,
,,,,,,,,,,,
,,,,,,,,,,,
,,,,,,,,,,,
,,,,,,,,,,,
,,,,,,,,,,,
,,,,,,,,,,,
,,,,,,,,,,,
,,,,,,,,,,,
,,,,,,,,,,,
,,,,,,,,,,,
,,,,,,,,,,,
,,,,,,,,,,,
,,,,,,,,,,,
,,,,,,,,,,,
,,,,,,,,,,,
,,,,,,,,,,,
,,,,,,,,,,,
,,,,,,,,,,,
,,,,,,,,,,,
,,,,,,,,,,,
,,,,,,,,,,,
,,,,,,,,,,,
,,,,,,,,,,,
,,,,,,,,,,,
,,,,,,,,,,,
,,,,,,,,,,,
,,,,,,,,,,,
,,,,,,,,,,,
,,,,,,,,,,,
,,,,,,,,,,,
,,,,,,,,,,,
,,,,,,,,,,,
,,,,,,,,,,,
,,,,,,,,,,,
,,,,,,,,,,,
,,,,,,,,,,,
,,,,,,,,,,,
,,,,,,,,,,,
,,,,,,,,,,,
,,,,,,,,,,,
,,,,,,,,,,,
,,,,,,,,,,,
,,,,,,,,,,,
,,,,,,,,,,,
,,,,,,,,,,,
,,,,,,,,,,,
,,,,,,,,,,,
,,,,,,,,,,,
,,,,,,,,,,,
,,,,,,,,,,,
,,,,,,,,,,,
,,,,,,,,,,,
,,,,,,,,,,,
,,,,,,,,,,,
,,,,,,,,,,,
,,,,,,,,,,,
,,,,,,,,,,,
,,,,,,,,,,,
,,,,,,,,,,,
,,,,,,,,,,,
,,,,,,,,,,,
,,,,,,,,,,,
,,,,,,,,,,,
,,,,,,,,,,,
,,,,,,,,,,,
,,,,,,,,,,,
,,,,,,,,,,,
,,,,,,,,,,,
,,,,,,,,,,,
,,,,,,,,,,,
,,,,,,,,,,,
,,,,,,,,,,,
,,,,,,,,,,,
,,,,,,,,,,,
,,,,,,,,,,,
,,,,,,,,,,,
,,,,,,,,,,,
,,,,,,,,,,,
,,,,,,,,,,,
,,,,,,,,,,,
,,,,,,,,,,,
,,,,,,,,,,,
,,,,,,,,,,,
,,,,,,,,,,,
,,,,,,,,,,,
,,,,,,,,,,,
,,,,,,,,,,,
,,,,,,,,,,,
,,,,,,,,,,,
,,,,,,,,,,,
,,,,,,,,,,,
,,,,,,,,,,,
,,,,,,,,,,,
,,,,,,,,,,,
,,,,,,,,,,,
,,,,,,,,,,,
,,,,,,,,,,,
,,,,,,,,,,,
,,,,,,,,,,,
,,,,,,,,,,,
,,,,,,,,,,,
,,,,,,,,,,,
,,,,,,,,,,,
,,,,,,,,,,,
,,,,,,,,,,,
,,,,,,,,,,,
,,,,,,,,,,,
,,,,,,,,,,,
,,,,,,,,,,,
,,,,,,,,,,,
,,,,,,,,,,,
,,,,,,,,,,,
,,,,,,,,,,,
,,,,,,,,,,,
,,,,,,,,,,,
,,,,,,,,,,,
,,,,,,,,,,,
,,,,,,,,,,,
,,,,,,,,,,,
,,,,,,,,,,,
,,,,,,,,,,,
,,,,,,,,,,,
,,,,,,,,,,,
,,,,,,,,,,,
,,,,,,,,,,,
,,,,,,,,,,,
,,,,,,,,,,,
,,,,,,,,,,,
,,,,,,,,,,,
,,,,,,,,,,,
,,,,,,,,,,,
,,,,,,,,,,,
,,,,,,,,,,,
,,,,,,,,,,,
,,,,,,,,,,,
,,,,,,,,,,,
,,,,,,,,,,,
,,,,,,,,,,,
,,,,,,,,,,,
,,,,,,,,,,,
,,,,,,,,,,,
,,,,,,,,,,,
,,,,,,,,,,,
,,,,,,,,,,,
,,,,,,,,,,,
,,,,,,,,,,,
,,,,,,,,,,,
,,,,,,,,,,,
,,,,,,,,,,,
,,,,,,,,,,,
,,,,,,,,,,,
,,,,,,,,,,,
,,,,,,,,,,,
,,,,,,,,,,,
,,,,,,,,,,,
,,,,,,,,,,,
,,,,,,,,,,,
,,,,,,,,,,,
,,,,,,,,,,,
,,,,,,,,,,,
,,,,,,,,,,,
,,,,,,,,,,,
,,,,,,,,,,,
,,,,,,,,,,,
,,,,,,,,,,,
,,,,,,,,,,,
,,,,,,,,,,,
,,,,,,,,,,,
,,,,,,,,,,,
,,,,,,,,,,,
,,,,,,,,,,,
,,,,,,,,,,,
,,,,,,,,,,,
,,,,,,,,,,,
,,,,,,,,,,,
,,,,,,,,,,,
,,,,,,,,,,,
,,,,,,,,,,,
,,,,,,,,,,,
,,,,,,,,,,,
,,,,,,,,,,,
,,,,,,,,,,,
,,,,,,,,,,,
,,,,,,,,,,,
,,,,,,,,,,,
,,,,,,,,,,,
,,,,,,,,,,,
,,,,,,,,,,,
,,,,,,,,,,,
,,,,,,,,,,,
,,,,,,,,,,,
,,,,,,,,,,,
,,,,,,,,,,,
,,,,,,,,,,,
,,,,,,,,,,,
,,,,,,,,,,,
,,,,,,,,,,,
,,,,,,,,,,,
,,,,,,,,,,,
,,,,,,,,,,,
,,,,,,,,,,,
,,,,,,,,,,,
,,,,,,,,,,,
,,,,,,,,,,,
,,,,,,,,,,,
,,,,,,,,,,,
,,,,,,,,,,,
,,,,,,,,,,,
,,,,,,,,,,,
,,,,,,,,,,,
,,,,,,,,,,,
,,,,,,,,,,,
,,,,,,,,,,,
,,,,,,,,,,,
,,,,,,,,,,,
,,,,,,,,,,,
,,,,,,,,,,,
,,,,,,,,,,,
,,,,,,,,,,,
,,,,,,,,,,,
,,,,,,,,,,,
,,,,,,,,,,,
,,,,,,,,,,,
,,,,,,,,,,,
,,,,,,,,,,,
,,,,,,,,,,,
,,,,,,,,,,,
,,,,,,,,,,,
,,,,,,,,,,,
,,,,,,,,,,,
,,,,,,,,,,,
,,,,,,,,,,,
,,,,,,,,,,,
,,,,,,,,,,,
,,,,,,,,,,,
,,,,,,,,,,,
,,,,,,,,,,,
,,,,,,,,,,,
,,,,,,,,,,,
,,,,,,,,,,,
,,,,,,,,,,,
,,,,,,,,,,,
,,,,,,,,,,,
,,,,,,,,,,,
,,,,,,,,,,,
,,,,,,,,,,,
,,,,,,,,,,,
,,,,,,,,,,,
,,,,,,,,,,,
,,,,,,,,,,,
,,,,,,,,,,,
,,,,,,,,,,,
,,,,,,,,,,,
,,,,,,,,,,,
,,,,,,,,,,,
,,,,,,,,,,,
,,,,,,,,,,,
,,,,,,,,,,,
,,,,,,,,,,,
,,,,,,,,,,,
,,,,,,,,,,,
,,,,,,,,,,,
,,,,,,,,,,,
,,,,,,,,,,,
,,,,,,,,,,,
,,,,,,,,,,,
,,,,,,,,,,,
,,,,,,,,,,,
,,,,,,,,,,,
,,,,,,,,,,,
,,,,,,,,,,,
,,,,,,,,,,,
,,,,,,,,,,,
,,,,,,,,,,,
,,,,,,,,,,,
,,,,,,,,,,,
,,,,,,,,,,,
,,,,,,,,,,,
,,,,,,,,,,,
,,,,,,,,,,,
,,,,,,,,,,,
,,,,,,,,,,,
,,,,,,,,,,,
,,,,,,,,,,,
,,,,,,,,,,,
,,,,,,,,,,,
,,,,,,,,,,,
,,,,,,,,,,,
,,,,,,,,,,,
,,,,,,,,,,,
,,,,,,,,,,,
,,,,,,,,,,,
,,,,,,,,,,,
,,,,,,,,,,,
,,,,,,,,,,,
,,,,,,,,,,,
,,,,,,,,,,,
,,,,,,,,,,,
,,,,,,,,,,,
,,,,,,,,,,,
,,,,,,,,,,,
,,,,,,,,,,,
,,,,,,,,,,,
,,,,,,,,,,,
,,,,,,,,,,,
,,,,,,,,,,,
,,,,,,,,,,,
,,,,,,,,,,,
,,,,,,,,,,,
,,,,,,,,,,,
,,,,,,,,,,,
,,,,,,,,,,,
,,,,,,,,,,,
,,,,,,,,,,,
,,,,,,,,,,,
,,,,,,,,,,,
,,,,,,,,,,,
,,,,,,,,,,,
,,,,,,,,,,,
,,,,,,,,,,,
,,,,,,,,,,,
,,,,,,,,,,,
,,,,,,,,,,,
,,,,,,,,,,,
,,,,,,,,,,,
,,,,,,,,,,,
,,,,,,,,,,,
,,,,,,,,,,,
,,,,,,,,,,,
,,,,,,,,,,,
,,,,,,,,,,,
,,,,,,,,,,,
,,,,,,,,,,,
,,,,,,,,,,,
,,,,,,,,,,,
,,,,,,,,,,,
,,,,,,,,,,,
,,,,,,,,,,,
,,,,,,,,,,,
,,,,,,,,,,,
,,,,,,,,,,,
,,,,,,,,,,,
,,,,,,,,,,,
,,,,,,,,,,,
,,,,,,,,,,,
,,,,,,,,,,,
,,,,,,,,,,,
,,,,,,,,,,,
,,,,,,,,,,,
,,,,,,,,,,,
,,,,,,,,,,,
,,,,,,,,,,,
,,,,,,,,,,,
,,,,,,,,,,,
,,,,,,,,,,,
,,,,,,,,,,,
,,,,,,,,,,,
,,,,,,,,,,,
,,,,,,,,,,,
,,,,,,,,,,,
,,,,,,,,,,,
,,,,,,,,,,,
,,,,,,,,,,,
